1bf2_A,T0456.fasta,24.324,74,43,3,565,636,190,252,0.11,26.2
1bf2_A,T0379.fasta,22.619,84,54,4,99,172,79,161,1.2,22.7
1bf2_A,T0376.fasta,29.032,62,36,3,157,217,99,153,1.5,22.7
1bf2_A,T0751.fasta,37.143,35,20,1,106,138,26,60,2.7,21.2
1bf2_A,T0447.fasta,21.212,66,48,1,263,328,365,426,2.9,21.9
1bf2_A,T0620.fasta,34.375,32,17,2,182,213,213,240,5.5,20.8
1bf2_A,T0361.fasta,26.316,38,28,0,299,336,57,94,8.5,20.0
1bf2_A,T0678.fasta,29.032,31,22,0,99,129,61,91,9.3,19.6
1fhu_A,T0564.fasta,59.091,22,7,2,235,255,21,41,0.99,20.4
1fhu_A,T0744.fasta,31.868,91,44,5,105,189,17,95,3.4,20.4
1fhu_A,T0413.fasta,39.286,28,15,1,57,82,193,220,8.7,18.9
1fhu_A,T0427.fasta,25.000,76,53,2,44,119,132,203,8.8,18.9
1fhu_A,T0698.fasta,33.333,24,15,1,110,132,15,38,9.3,18.5
1gu7_A,T0524.fasta,54.286,35,10,3,63,94,6,37,0.79,22.3
1gu7_A,T0347.fasta,36.111,36,21,2,154,189,55,88,4.0,20.0
1gu7_A,T0620.fasta,60.000,10,4,0,282,291,39,48,9.8,18.9
1hm9_B,T0420.fasta,25.758,132,91,4,14,144,5,130,1.00e-04,34.3
1hm9_B,T0454.fasta,27.586,58,41,1,109,165,70,127,0.20,24.3
1hm9_B,T0507.fasta,24.490,98,58,5,230,311,30,127,1.7,21.2
1hm9_B,T0751.fasta,37.838,37,20,1,173,209,6,39,5.1,19.6
1hm9_B,T0468.fasta,24.561,57,33,3,218,274,29,75,8.1,19.2
1hm9_B,T0456.fasta,50.000,12,6,0,174,185,212,223,9.0,19.2
1i24_A,T0639.fasta,47.826,23,12,0,229,251,52,74,0.25,23.5
1i24_A,T0371.fasta,28.261,46,26,1,320,365,240,278,0.43,23.5
1i24_A,T0371.fasta,28.125,96,48,4,51,145,67,142,2.4,21.2
1i24_A,T0547.fasta,37.838,37,23,0,21,57,74,110,0.76,22.7
1i24_A,T0318.fasta,29.310,58,21,3,24,81,292,329,1.8,21.6
1i24_A,T0318.fasta,30.263,76,35,3,205,265,133,205,3.0,20.8
1i24_A,T0286.fasta,44.444,18,10,0,103,120,39,56,2.7,20.8
1i24_A,T0405.fasta,38.462,26,15,1,251,275,71,96,3.6,20.4
1i24_A,T0289.fasta,28.571,49,31,2,347,391,167,215,4.1,20.4
1i24_A,T0756.fasta,28.169,71,40,2,265,335,105,164,6.5,19.6
1k5n_A,T0468.fasta,64.286,14,5,0,106,119,28,41,1.6,20.4
1k5n_A,T0488.fasta,28.333,60,35,1,89,148,28,79,1.8,20.0
1k5n_A,T0427.fasta,33.333,54,28,2,44,89,111,164,3.5,20.0
1k5n_A,T0427.fasta,34.375,32,21,0,133,164,388,419,4.0,19.6
1k5n_A,T0289.fasta,25.000,32,24,0,152,183,175,206,3.8,19.6
1k5n_A,T0396.fasta,38.462,26,14,1,113,136,49,74,6.0,18.9
1k5n_A,T0678.fasta,33.333,27,14,1,100,122,45,71,6.2,18.9
1k5n_A,T0756.fasta,37.500,16,10,0,235,250,161,176,9.0,18.5
1l3k_A,T0640.fasta,42.105,19,11,0,68,86,84,102,3.5,19.2
1l3k_A,T0341.fasta,27.083,48,23,2,93,132,15,58,5.5,18.9
1l3k_A,T0677.fasta,16.667,36,30,0,37,72,21,56,7.1,18.1
1lc5_A,T0754.fasta,42.857,21,12,0,299,319,43,63,0.082,23.9
1lc5_A,T0447.fasta,53.333,15,7,0,186,200,296,310,0.98,22.3
1lc5_A,T0547.fasta,28.571,70,43,3,61,129,218,281,1.4,21.6
1lc5_A,T0379.fasta,28.947,38,24,1,73,107,133,170,6.0,19.6
1r6d_A,T0661.fasta,22.346,179,111,8,122,285,10,175,0.18,23.9
1r6d_A,T0507.fasta,39.130,23,14,0,161,183,58,80,0.39,22.7
1r6d_A,T0289.fasta,55.556,18,6,1,193,210,256,271,1.8,21.2
1r6d_A,T0744.fasta,30.233,43,26,1,295,333,156,198,2.0,21.2
1r6d_A,T0488.fasta,47.059,17,9,0,265,281,48,64,7.9,18.5
1rif_A,T0390.fasta,38.889,18,11,0,39,56,12,29,2.6,20.0
1rif_A,T0427.fasta,27.778,72,42,4,49,113,340,408,3.8,20.0
1rif_A,T0674.fasta,25.000,80,47,5,175,250,25,95,8.9,18.5
1rkx_A,T0749.fasta,28.889,45,32,0,127,171,76,120,0.062,25.8
1rkx_A,T0693.fasta,30.769,52,26,2,43,84,5,56,3.2,20.4
1rkx_A,T0361.fasta,31.579,38,17,2,72,102,28,63,6.8,19.2
1rkx_A,T0361.fasta,34.783,23,14,1,249,271,82,103,9.7,18.9
1rkx_A,T0715.fasta,36.842,19,12,0,62,80,1,19,9.7,18.9
1sf9_A,T0640.fasta,29.630,27,19,0,16,42,159,185,1.0,20.0
1sf9_A,T0663.fasta,38.710,31,11,2,32,62,93,115,1.7,19.2
1sf9_A,T0318.fasta,36.364,22,14,0,83,104,324,345,1.7,19.6
1sf9_A,T0536.fasta,87.500,8,1,0,20,27,1,8,2.9,18.5
1sf9_A,T0694.fasta,26.190,42,23,1,80,113,181,222,5.2,18.1
1sf9_A,T0405.fasta,43.750,16,9,0,44,59,200,215,6.3,17.7
1sf9_A,T0673.fasta,26.316,19,14,0,108,126,25,43,8.6,16.5
1svs_A,T0371.fasta,47.368,19,10,0,169,187,256,274,0.99,21.9
1svs_A,T0371.fasta,37.500,40,21,2,250,285,237,276,1.1,21.9
1svs_A,T0741.fasta,36.667,30,19,0,290,319,3,32,1.2,21.2
1svs_A,T0749.fasta,32.353,34,22,1,155,187,146,179,1.8,21.2
1svs_A,T0749.fasta,33.333,18,12,0,128,145,345,362,8.3,19.2
1svs_A,T0751.fasta,42.857,14,8,0,232,245,95,108,3.5,19.6
1svs_A,T0318.fasta,30.435,69,44,2,69,134,191,258,4.1,20.0
1svs_A,T0671.fasta,36.842,19,12,0,333,351,190,208,5.3,19.6
1svs_A,T0456.fasta,29.167,24,17,0,132,155,148,171,5.3,19.6
1vi0_A,T0325.fasta,25.424,59,38,2,153,205,74,132,0.79,21.6
1vi0_A,T0451.fasta,35.294,17,11,0,135,151,19,35,4.4,18.9
1vi0_A,T0732.fasta,37.500,24,15,0,166,189,275,298,5.2,18.9
1vi0_A,T0536.fasta,26.744,86,55,5,120,202,35,115,5.9,18.5
1vi0_A,T0390.fasta,50.000,12,6,0,8,19,35,46,9.4,17.7
1x8b_A,T0292.fasta,26.071,280,159,9,12,284,5,243,1.71e-19,77.4
1x8b_A,T0456.fasta,25.461,271,165,10,19,280,16,258,8.22e-16,67.4
1x8b_A,T0573.fasta,30.357,56,29,3,8,61,257,304,1.1,21.6
1x8b_A,T0573.fasta,28.125,96,57,6,187,271,159,253,9.8,18.5
1x8b_A,T0536.fasta,45.455,11,6,0,77,87,82,92,9.7,18.1
1yqd_A,T0318.fasta,51.852,27,8,1,203,229,192,213,0.81,22.3
1yqd_A,T0420.fasta,31.111,45,27,1,229,269,14,58,1.8,21.2
1yqd_A,T0420.fasta,25.862,58,22,2,124,179,30,68,6.8,19.2
1yqd_A,T0376.fasta,60.000,15,6,0,273,287,118,132,2.1,21.2
1yqd_A,T0338.fasta,37.143,35,17,2,236,269,82,112,2.2,20.8
1yqd_A,T0749.fasta,33.898,59,30,3,130,188,205,254,2.8,20.8
1yqd_A,T0524.fasta,27.143,70,48,2,82,151,27,93,3.0,20.8
1yqd_A,T0661.fasta,50.000,14,7,0,34,47,62,75,6.3,19.2
1yqd_A,T0534.fasta,33.333,21,14,0,76,96,69,89,8.9,19.2
1zar_A,T0456.fasta,30.769,39,27,0,198,236,111,149,0.016,27.3
1zar_A,T0524.fasta,36.111,36,21,1,162,197,276,309,0.14,24.3
1zar_A,T0573.fasta,22.535,71,39,2,185,254,154,209,0.19,23.9
1zar_A,T0451.fasta,22.222,72,49,2,208,279,18,82,0.36,22.7
1zar_A,T0451.fasta,33.333,21,14,0,197,217,31,51,5.4,18.9
1zar_A,T0451.fasta,33.333,15,10,0,42,56,54,68,8.1,18.5
1zar_A,T0674.fasta,24.490,49,34,1,164,209,135,183,1.4,21.2
1zar_A,T0674.fasta,52.381,21,8,1,202,220,258,278,4.3,19.6
1zar_A,T0744.fasta,30.000,30,21,0,99,128,249,278,1.4,21.2
1zar_A,T0447.fasta,61.111,18,6,1,68,85,57,73,1.4,21.2
1zar_A,T0310.fasta,23.469,98,70,3,8,102,145,240,3.1,20.0
1zar_A,T0354.fasta,26.923,26,19,0,248,273,20,45,4.5,19.2
1zar_A,T0396.fasta,29.167,24,17,0,51,74,52,75,4.7,18.9
1zar_A,T0562.fasta,22.727,22,17,0,236,257,7,28,5.9,18.9
2bhu_A,T0347.fasta,28.378,74,46,2,241,313,33,100,0.37,23.9
2bhu_A,T0347.fasta,32.353,34,23,0,28,61,45,78,3.3,21.2
2bhu_A,T0694.fasta,42.105,19,11,0,35,53,262,280,0.52,23.9
2bhu_A,T0639.fasta,35.484,31,16,2,244,271,20,49,1.1,22.3
2bhu_A,T0674.fasta,29.897,97,56,5,208,296,84,176,2.6,21.6
2bhu_A,T0564.fasta,28.947,38,27,0,18,55,11,48,6.5,18.9
2bhu_A,T0507.fasta,50.000,18,9,0,299,316,5,22,8.6,19.6
2cdc_B,T0635.fasta,23.448,145,91,5,154,286,3,139,0.073,25.4
2cdc_B,T0536.fasta,22.059,68,52,1,24,90,29,96,0.23,23.5
2cdc_B,T0640.fasta,28.169,71,38,3,140,199,107,175,0.87,22.3
2cdc_B,T0723.fasta,27.273,44,27,2,290,328,11,54,1.4,21.2
2cdc_B,T0289.fasta,24.706,85,48,3,241,312,99,180,2.4,20.8
2cdc_B,T0413.fasta,25.000,28,21,0,128,155,172,199,2.6,20.8
2cdc_B,T0645.fasta,43.478,23,13,0,12,34,288,310,3.5,20.4
2cdc_B,T0447.fasta,27.907,43,23,2,101,142,444,479,6.5,19.6
2dkj_A,T0715.fasta,26.190,84,45,2,263,342,242,312,1.1,22.3
2dkj_A,T0289.fasta,29.231,65,32,4,152,212,188,242,6.9,19.6
2dkj_A,T0361.fasta,26.000,50,31,2,137,180,46,95,7.8,19.2
2dkj_A,T0749.fasta,22.581,62,43,2,311,372,273,329,9.1,19.2
2dkj_A,T0318.fasta,24.590,61,37,3,166,221,19,75,9.5,19.2
2eh3_A,T0454.fasta,34.615,52,34,0,4,55,3,54,9.34e-09,44.3
2eh3_A,T0447.fasta,32.787,61,31,3,66,126,413,463,3.4,19.2
2eh3_A,T0309.fasta,66.667,9,3,0,150,158,49,57,6.4,17.7
2eh3_A,T0325.fasta,30.303,33,20,2,71,102,173,203,8.4,18.1
2eh3_A,T0292.fasta,34.286,35,20,1,103,134,203,237,8.9,17.7
2heu_A,T0573.fasta,34.694,49,30,1,34,80,203,251,0.64,22.7
2heu_A,T0573.fasta,39.130,23,11,1,161,180,73,95,8.9,19.2
2heu_A,T0413.fasta,31.250,48,27,3,95,137,4,50,0.97,22.3
2heu_A,T0454.fasta,28.750,80,52,3,282,360,69,144,1.0,21.9
2heu_A,T0488.fasta,29.032,31,22,0,133,163,10,40,2.2,20.4
2heu_A,T0693.fasta,40.741,27,16,0,219,245,121,147,4.1,20.4
2heu_A,T0744.fasta,32.000,25,17,0,149,173,130,154,5.7,20.0
2heu_A,T0451.fasta,32.558,43,20,2,2,41,4,40,7.2,19.2
2ibd_A,T0454.fasta,32.836,67,39,1,16,76,3,69,6.62e-09,45.4
2ibd_A,T0347.fasta,26.230,61,33,2,72,130,38,88,0.24,22.7
2ibd_A,T0318.fasta,32.609,46,27,2,26,67,345,390,0.31,22.7
2ibd_A,T0749.fasta,27.027,37,26,1,39,74,114,150,0.54,21.9
2ibd_A,T0524.fasta,22.388,67,49,2,77,140,213,279,1.3,20.8
2ibd_A,T0524.fasta,38.710,31,18,1,40,70,74,103,2.5,20.0
2ibd_A,T0620.fasta,22.222,36,28,0,114,149,35,70,4.5,19.2
2ibd_A,T0635.fasta,50.000,14,7,0,40,53,22,35,8.2,18.1
2izr_A,T0456.fasta,30.233,129,73,5,93,219,92,205,4.33e-07,41.6
2izr_A,T0292.fasta,29.870,77,40,4,107,177,102,170,0.008,28.5
2izr_A,T0615.fasta,31.818,44,30,0,182,225,128,171,0.69,22.3
2izr_A,T0756.fasta,29.268,41,29,0,173,213,67,107,0.73,21.9
2izr_A,T0417.fasta,34.483,29,19,0,256,284,101,129,1.1,21.6
2izr_A,T0536.fasta,47.368,19,8,1,244,262,56,72,5.7,19.2
2izr_A,T0447.fasta,36.000,25,16,0,17,41,255,279,6.2,19.6
2izr_A,T0732.fasta,36.364,22,14,0,69,90,104,125,6.8,19.2
2izr_A,T0341.fasta,25.000,28,21,0,228,255,220,247,8.0,18.9
2izr_A,T0376.fasta,31.429,35,23,1,45,79,19,52,8.5,18.9
2izr_A,T0454.fasta,28.889,45,27,1,185,224,127,171,9.3,18.9
2izr_A,T0661.fasta,34.615,26,16,1,272,296,154,179,9.3,18.9
2jae_B,T0359.fasta,37.500,24,15,0,98,121,59,82,2.7,20.4
2jae_B,T0674.fasta,50.000,14,7,0,399,412,107,120,3.0,21.2
2jae_B,T0674.fasta,50.000,20,9,1,138,156,72,91,6.3,20.0
2jae_B,T0451.fasta,25.301,83,53,2,100,182,28,101,3.3,20.4
2jae_B,T0661.fasta,24.038,104,67,3,61,152,21,124,3.5,20.8
2jae_B,T0756.fasta,33.333,42,10,1,150,173,110,151,4.1,20.4
2jae_B,T0447.fasta,29.630,54,33,3,386,437,125,175,4.4,20.8
2jae_B,T0390.fasta,32.203,59,28,3,52,103,77,130,4.6,20.0
2jae_B,T0715.fasta,39.394,33,15,1,348,375,172,204,6.2,20.0
2jhf_B,T0379.fasta,25.000,128,78,3,197,313,6,126,0.13,24.6
2jhf_B,T0341.fasta,28.571,70,37,4,302,371,81,137,2.3,20.8
2jhf_B,T0536.fasta,33.333,15,10,0,348,362,90,104,2.3,20.4
2jhf_B,T0338.fasta,24.590,61,44,1,279,339,28,86,3.0,20.4
2jhf_B,T0456.fasta,17.949,117,69,3,4,96,22,135,3.2,20.4
2jhf_B,T0521.fasta,26.316,38,28,0,259,296,34,71,6.9,19.2
2jhf_B,T0693.fasta,66.667,12,4,0,214,225,139,150,8.0,19.2
2okt_A,T0507.fasta,40.625,32,19,0,80,111,93,124,0.43,22.7
2okt_A,T0620.fasta,39.474,38,20,2,230,266,79,114,1.3,21.6
2okt_A,T0678.fasta,28.788,66,41,2,7,69,17,79,2.7,20.4
2okt_A,T0354.fasta,37.500,24,13,1,125,148,39,60,4.7,19.6
2okt_A,T0674.fasta,27.778,54,26,3,242,293,90,132,5.1,19.6
2okt_A,T0341.fasta,44.444,27,15,0,217,243,61,87,7.3,19.2
2okt_A,T0338.fasta,46.154,13,7,0,92,104,10,22,8.3,18.9
2okt_A,T0292.fasta,24.590,61,36,3,108,166,177,229,8.8,18.9
2oln_A,T0573.fasta,37.931,29,18,0,246,274,156,184,1.6,21.6
2oln_A,T0526.fasta,28.571,35,25,0,360,394,229,263,2.3,21.2
2oln_A,T0694.fasta,24.000,50,36,1,34,81,263,312,3.6,20.4
2oln_A,T0564.fasta,33.333,24,16,0,132,155,31,54,5.8,18.5
2oln_A,T0341.fasta,44.444,18,10,0,323,340,168,185,6.1,19.6
2oln_A,T0704.fasta,25.862,58,28,2,255,304,130,180,6.3,19.6
2oln_A,T0640.fasta,29.268,41,22,2,124,164,182,215,6.9,19.6
2ozt_A,T0694.fasta,34.615,26,17,0,296,321,196,221,2.1,20.8
2pok_B,T0620.fasta,34.884,43,26,2,374,416,159,199,0.14,25.4
2pok_B,T0447.fasta,23.684,38,29,0,388,425,282,319,0.40,23.9
2pok_B,T0354.fasta,41.935,31,16,1,229,259,54,82,2.5,20.8
2pok_B,T0413.fasta,21.795,78,50,3,12,87,212,280,2.6,21.2
2pok_B,T0405.fasta,35.000,20,13,0,93,112,114,133,2.8,21.2
2pok_B,T0744.fasta,30.769,39,27,0,254,292,130,168,3.5,20.8
2pok_B,T0420.fasta,28.947,38,21,1,390,427,94,125,5.4,20.0
2pok_B,T0404.fasta,35.484,31,20,0,47,77,44,74,5.7,19.2
2r44_A,T0507.fasta,36.842,19,12,0,64,82,77,95,1.3,21.2
2r44_A,T0524.fasta,27.119,59,39,2,270,328,72,126,2.8,20.4
2r44_A,T0674.fasta,50.000,16,8,0,243,258,17,32,3.3,20.4
2r44_A,T0310.fasta,20.000,115,89,2,176,288,291,404,4.8,20.0
2r44_A,T0310.fasta,24.138,58,35,1,249,297,145,202,4.9,19.6
2r44_A,T0694.fasta,37.037,27,14,2,295,321,246,269,6.0,19.6
2r44_A,T0732.fasta,31.579,38,26,0,212,249,198,235,6.7,19.2
2r44_A,T0547.fasta,25.926,27,20,0,225,251,405,431,8.5,19.2
2vvm_A,T0620.fasta,21.951,82,50,3,310,381,189,266,3.4,20.8
2vvm_A,T0454.fasta,29.091,55,37,2,104,157,134,187,3.5,20.8
2vvm_A,T0451.fasta,34.375,32,20,1,445,475,10,41,7.1,19.6
2vvm_A,T0562.fasta,50.000,16,8,0,28,43,85,100,7.8,19.2
2w8t_A,T0524.fasta,30.909,55,30,2,146,199,241,288,1.2,22.3
2w8t_A,T0661.fasta,47.368,19,10,0,72,90,93,111,3.5,20.4
2w8t_A,T0564.fasta,25.806,31,22,1,309,339,4,33,3.5,19.2
2w8t_A,T0547.fasta,27.119,59,38,2,217,272,23,79,3.8,20.8
2w8t_A,T0506.fasta,77.778,9,2,0,278,286,8,16,4.8,20.0
2w8t_A,T0347.fasta,54.545,22,9,1,20,40,162,183,5.1,20.0
2w8t_A,T0678.fasta,31.579,19,13,0,192,210,72,90,6.3,19.6
2w8t_A,T0746.fasta,23.469,98,60,3,273,367,30,115,6.6,19.6
2wsd_A,T0506.fasta,26.190,42,29,1,467,508,171,210,0.69,23.1
2wsd_A,T0292.fasta,33.333,24,16,0,26,49,107,130,1.0,22.7
2wsd_A,T0573.fasta,38.710,31,16,1,99,129,271,298,2.8,21.2
2wsd_A,T0562.fasta,40.000,20,10,1,460,477,15,34,3.6,20.4
2wsd_A,T0456.fasta,26.154,65,36,3,433,497,206,258,4.5,20.4
2wsd_A,T0427.fasta,27.451,51,29,2,237,287,340,382,7.6,20.0
2x5f_A,T0413.fasta,23.944,71,45,2,157,220,61,129,0.34,23.9
2x5f_A,T0325.fasta,32.258,31,18,1,285,315,12,39,2.8,20.8
2x5f_A,T0468.fasta,47.059,17,7,1,158,172,28,44,3.3,20.0
2x5f_A,T0704.fasta,52.941,17,8,0,227,243,123,139,4.1,20.4
2x5f_A,T0749.fasta,22.222,72,40,2,83,138,325,396,4.7,20.4
2x5f_A,T0454.fasta,26.087,92,57,5,25,108,6,94,4.9,20.0
2x5f_A,T0376.fasta,40.741,27,15,1,36,61,122,148,8.7,19.2
2x5f_A,T0640.fasta,22.951,61,45,1,31,91,113,171,9.5,19.2
2xxg_A,T0674.fasta,24.138,58,42,1,3,60,43,98,0.48,23.1
2xxg_A,T0376.fasta,37.838,37,21,1,76,112,185,219,2.3,20.8
2xxg_A,T0413.fasta,27.848,79,50,3,88,161,109,185,2.4,20.8
2xxg_A,T0694.fasta,30.189,53,33,2,70,122,9,57,2.5,20.8
2xxg_A,T0645.fasta,66.667,9,3,0,130,138,418,426,3.3,20.4
2xxg_A,T0744.fasta,46.667,15,8,0,257,271,76,90,5.1,19.6
2xxg_A,T0547.fasta,20.370,54,40,1,76,126,224,277,5.4,19.6
2xxg_A,T0359.fasta,32.727,55,32,2,26,80,37,86,5.9,18.9
2xxg_A,T0732.fasta,42.857,14,8,0,108,121,36,49,9.9,18.9
2y2z_A,T0286.fasta,36.842,38,23,1,226,263,25,61,2.0,20.4
2y2z_A,T0319.fasta,21.739,69,53,1,177,244,28,96,5.1,18.9
2y2z_A,T0496.fasta,53.846,13,6,0,231,243,147,159,9.3,18.5
2z8f_B,T0749.fasta,42.857,21,12,0,336,356,153,173,1.2,21.9
2z8f_B,T0749.fasta,31.579,38,24,1,23,58,3,40,4.1,20.4
2z8f_B,T0286.fasta,42.105,19,11,0,301,319,67,85,1.5,21.6
2z8f_B,T0338.fasta,29.825,57,31,2,18,74,56,103,1.6,21.6
2z8f_B,T0620.fasta,28.205,39,28,0,106,144,162,200,2.5,21.2
2z8f_B,T0354.fasta,41.667,24,14,0,253,276,61,84,3.1,20.4
2z8f_B,T0506.fasta,24.444,45,33,1,279,323,95,138,3.1,20.8
2z8f_B,T0427.fasta,56.250,16,7,0,364,379,168,183,6.0,20.0
2z8f_B,T0661.fasta,42.308,26,13,1,132,155,82,107,8.1,19.2
2z8f_B,T0420.fasta,33.333,24,16,0,219,242,57,80,9.7,18.9
3a09_A,T0420.fasta,47.368,19,10,0,92,110,105,123,0.73,22.7
3a09_A,T0379.fasta,34.286,35,23,0,313,347,96,130,2.1,21.2
3a09_A,T0332.fasta,38.889,18,11,0,143,160,57,74,2.9,20.8
3a09_A,T0749.fasta,19.565,46,37,0,104,149,301,346,3.2,21.2
3a09_A,T0286.fasta,33.333,39,25,1,326,363,117,155,5.6,20.0
3a09_A,T0341.fasta,43.750,16,9,0,410,425,85,100,6.3,20.0
3a09_A,T0694.fasta,23.762,101,67,3,348,442,211,307,9.4,19.6
3aj7_A,T0520.fasta,47.619,21,11,0,34,54,110,130,1.00,22.7
3aj7_A,T0645.fasta,30.769,65,38,2,362,425,222,280,1.4,22.3
3aj7_A,T0671.fasta,31.707,41,24,2,473,512,233,270,1.9,21.9
3aj7_A,T0447.fasta,28.571,35,25,0,401,435,427,461,9.8,19.6
3aml_A,T0547.fasta,28.947,76,40,3,234,307,518,581,0.20,25.8
3aml_A,T0573.fasta,35.714,28,18,0,42,69,63,90,0.23,25.4
3aml_A,T0289.fasta,32.353,34,23,0,433,466,30,63,1.5,22.7
3aml_A,T0376.fasta,23.171,82,48,2,220,286,130,211,2.8,21.9
3aml_A,T0371.fasta,28.571,56,34,1,365,414,87,142,2.8,21.6
3aml_A,T0371.fasta,44.444,18,10,0,706,723,80,97,4.0,21.2
3aml_A,T0694.fasta,33.333,27,18,0,522,548,168,194,5.4,20.8
3aml_A,T0447.fasta,31.034,29,20,0,249,277,373,401,9.1,20.4
3dew_A,T0454.fasta,100.000,192,0,0,8,199,1,192,4.56e-146,396
3dew_A,T0526.fasta,30.769,39,27,0,83,121,199,237,0.78,21.6
3dew_A,T0671.fasta,53.333,15,7,0,122,136,359,373,5.0,18.9
3dk9_A,T0341.fasta,29.032,62,41,3,145,203,79,140,1.6,21.9
3dk9_A,T0640.fasta,29.412,68,36,2,104,159,26,93,2.4,21.2
3dk9_A,T0521.fasta,20.000,70,46,2,249,318,35,94,3.2,20.8
3dk9_A,T0405.fasta,28.947,38,21,1,392,423,218,255,3.7,20.8
3dk9_A,T0674.fasta,53.333,15,7,0,452,466,123,137,4.1,20.4
3dk9_A,T0723.fasta,27.083,48,22,1,102,136,49,96,4.4,20.0
3dk9_A,T0694.fasta,26.923,26,19,0,45,70,278,303,6.5,20.0
3dk9_A,T0310.fasta,40.741,27,16,0,11,37,127,153,7.1,20.0
3dmg_A,T0693.fasta,30.612,49,32,2,226,272,110,158,0.17,24.6
3dmg_A,T0715.fasta,37.500,40,22,2,143,180,287,325,0.60,23.1
3dmg_A,T0520.fasta,44.000,25,13,1,24,47,127,151,0.88,21.9
3dmg_A,T0663.fasta,32.353,34,20,1,211,241,57,90,2.0,20.8
3dmg_A,T0349.fasta,31.818,44,30,0,44,87,24,67,8.2,18.5
3g7q_A,T0536.fasta,29.577,71,45,3,117,184,45,113,2.1,20.8
3goh_A,T0732.fasta,21.600,125,89,3,148,263,146,270,0.055,25.8
3goh_A,T0376.fasta,48.387,31,15,1,127,156,53,83,0.55,22.7
3goh_A,T0376.fasta,26.786,56,38,2,227,280,17,71,9.7,18.9
3goh_A,T0379.fasta,20.792,101,76,3,144,241,18,117,3.6,20.0
3goh_A,T0659.fasta,41.379,29,16,1,261,288,17,45,5.3,18.9
3goh_A,T0318.fasta,38.889,18,11,0,137,154,202,219,6.2,19.2
3hje_A,T0325.fasta,44.444,27,15,0,200,226,101,127,0.11,26.2
3hje_A,T0639.fasta,32.787,61,34,2,112,172,61,114,0.51,23.5
3hje_A,T0534.fasta,30.556,36,25,0,424,459,137,172,0.84,23.5
3hje_A,T0573.fasta,36.585,41,21,2,32,71,171,207,3.1,21.6
3hje_A,T0468.fasta,41.176,17,10,0,403,419,5,21,4.9,20.4
3hje_A,T0286.fasta,40.000,15,9,0,463,477,70,84,6.4,20.4
3hje_A,T0376.fasta,25.000,20,15,0,319,338,184,203,6.5,20.4
3hje_A,T0319.fasta,26.087,23,17,0,667,689,18,40,8.3,19.6
3hje_A,T0564.fasta,25.000,24,18,0,414,437,31,54,8.8,18.9
3hje_A,T0635.fasta,28.155,103,60,8,1,97,54,148,9.8,19.6
3ife_A,T0341.fasta,38.462,26,16,0,202,227,109,134,0.013,28.1
3ife_A,T0534.fasta,29.730,37,26,0,398,434,43,79,4.6,20.4
3ife_A,T0704.fasta,27.586,29,20,1,349,376,117,145,6.0,19.6
3ife_A,T0663.fasta,28.571,35,25,0,121,155,76,110,6.5,19.6
3ife_A,T0427.fasta,33.333,30,20,0,355,384,291,320,8.8,19.2
3ife_A,T0620.fasta,37.143,35,15,2,237,264,114,148,9.5,19.2
3ijl_A,T0645.fasta,31.707,41,24,1,37,77,241,277,0.10,25.0
3ijl_A,T0379.fasta,25.000,36,17,1,52,87,72,97,2.0,20.8
3ijl_A,T0674.fasta,22.581,62,40,2,131,185,84,144,2.7,20.4
3ijl_A,T0674.fasta,29.412,17,12,0,66,82,15,31,9.5,18.9
3ijl_A,T0396.fasta,28.571,35,18,1,193,220,1,35,2.9,20.0
3ijl_A,T0292.fasta,26.667,30,21,1,85,113,124,153,4.5,20.0
3ijl_A,T0547.fasta,27.143,70,37,4,217,277,120,184,5.2,19.6
3k6y_A,T0715.fasta,37.143,35,20,1,174,206,313,347,0.28,23.1
3k6y_A,T0349.fasta,37.500,32,19,1,57,88,36,66,1.6,19.6
3k6y_A,T0447.fasta,34.615,26,17,0,129,154,317,342,7.8,18.5
3kgw_A,T0289.fasta,21.429,98,61,3,22,107,170,263,1.3,21.9
3kgw_A,T0671.fasta,26.415,53,33,1,278,330,202,248,3.1,20.8
3kgw_A,T0396.fasta,54.545,11,5,0,67,77,52,62,7.4,18.9
3kgw_A,T0349.fasta,42.308,26,15,0,335,360,24,49,8.7,18.5
3kgw_A,T0677.fasta,26.923,26,19,0,110,135,18,43,9.2,18.9
3klk_A,T0674.fasta,24.161,149,77,7,203,320,98,241,0.18,26.2
3klk_A,T0292.fasta,37.931,29,18,0,482,510,62,90,0.80,23.9
3klk_A,T0751.fasta,23.188,69,42,3,327,384,12,80,0.99,22.7
3klk_A,T0427.fasta,37.931,29,17,1,900,928,73,100,1.3,23.5
3klk_A,T0614.fasta,50.000,16,8,0,1,16,23,38,2.9,21.6
3klk_A,T0318.fasta,37.500,32,20,0,585,616,177,208,8.0,20.8
3lyp_B,T0674.fasta,37.838,37,22,1,158,194,200,235,0.24,23.1
3lyp_B,T0547.fasta,25.424,59,34,3,58,106,343,401,0.94,21.6
3lyp_B,T0715.fasta,24.138,58,40,2,8,61,50,107,1.8,20.4
3lyp_B,T0693.fasta,32.432,37,18,1,9,45,290,319,3.8,19.2
3lyp_B,T0693.fasta,31.579,38,25,1,111,148,55,91,5.5,18.9
3lyp_B,T0620.fasta,32.000,25,17,0,108,132,173,197,4.6,19.2
3lyp_B,T0427.fasta,39.130,23,14,0,75,97,372,394,5.0,18.9
3lyp_B,T0496.fasta,29.167,48,25,1,85,123,117,164,6.8,18.5
3lyp_B,T0756.fasta,47.368,19,10,0,155,173,10,28,7.3,18.5
3lyp_B,T0325.fasta,26.923,26,19,0,53,78,75,100,9.2,18.1
3lyp_B,T0671.fasta,50.000,12,6,0,46,57,261,272,9.3,18.1
3mcz_A,T0547.fasta,18.049,205,133,7,22,226,198,367,1.7,21.6
3mcz_A,T0338.fasta,32.143,28,15,1,102,125,176,203,3.7,20.0
3mcz_A,T0417.fasta,29.091,110,58,6,154,254,55,153,3.9,20.0
3mcz_A,T0661.fasta,43.750,16,9,0,154,169,34,49,7.4,19.2
3mcz_A,T0746.fasta,25.714,35,26,0,175,209,82,116,8.2,19.2
3n0r_A,T0420.fasta,46.667,15,8,0,141,155,138,152,4.6,19.2
3na5_A,T0557.fasta,30.952,42,29,0,282,323,58,99,0.055,25.8
3na5_A,T0663.fasta,40.000,25,15,0,190,214,59,83,1.1,22.3
3na5_A,T0413.fasta,24.468,94,56,2,438,531,204,282,2.2,21.6
3na5_A,T0286.fasta,33.333,39,25,1,42,80,118,155,2.4,21.6
3na5_A,T0620.fasta,30.769,39,24,1,517,555,66,101,2.4,21.6
3na5_A,T0536.fasta,27.586,29,21,0,346,374,29,57,2.5,21.2
3nyt_A,T0694.fasta,37.931,29,13,1,191,219,223,246,2.1,21.2
3nyt_A,T0573.fasta,35.135,37,20,1,124,156,1,37,2.5,20.8
3nyt_A,T0488.fasta,34.940,83,35,6,95,174,18,84,3.2,20.0
3nyt_A,T0635.fasta,25.806,31,23,0,200,230,26,56,3.9,20.0
3nyt_A,T0310.fasta,32.500,40,24,1,201,237,73,112,4.5,20.0
3nyt_A,T0456.fasta,34.211,38,21,2,243,278,92,127,5.1,19.6
3nyt_A,T0536.fasta,32.143,28,19,0,24,51,43,70,6.0,19.2
3o4h_A,T0318.fasta,38.095,21,13,0,371,391,44,64,0.53,23.9
3o4h_A,T0506.fasta,34.783,46,16,1,212,257,20,51,2.8,21.2
3o4h_A,T0447.fasta,34.615,26,17,0,362,387,251,276,4.3,20.8
3o4h_A,T0310.fasta,25.424,59,31,2,3,61,189,234,6.7,20.4
3o4h_A,T0645.fasta,21.277,94,64,1,205,288,128,221,6.8,20.4
3o4h_A,T0732.fasta,34.884,43,18,2,329,367,115,151,7.1,20.0
3o4h_A,T0359.fasta,30.000,40,28,0,17,56,52,91,8.4,19.2
3p2t_A,T0332.fasta,35.294,17,11,0,168,184,39,55,6.3,18.5
3p2t_A,T0704.fasta,24.138,58,39,1,88,140,49,106,7.4,18.1
3pfg_A,T0286.fasta,41.667,24,14,0,217,240,26,49,0.51,22.3
3pfg_A,T0437.fasta,64.286,14,5,0,121,134,67,80,0.69,21.2
3pfg_A,T0693.fasta,29.630,54,34,1,50,99,118,171,1.7,20.8
3pfg_A,T0732.fasta,22.414,58,39,2,121,178,160,211,2.4,20.4
3pfg_A,T0292.fasta,34.615,26,15,1,14,39,211,234,6.1,18.9
3pfg_A,T0645.fasta,43.333,30,12,2,19,44,363,391,6.4,19.2
3pfg_A,T0521.fasta,20.312,128,76,5,1,108,26,147,8.2,18.5
3piu_A,T0408.fasta,77.778,9,2,0,87,95,84,92,2.1,20.8
3piu_A,T0447.fasta,40.000,20,12,0,327,346,196,215,4.7,20.4
3piu_A,T0447.fasta,30.233,43,25,1,274,311,292,334,9.9,19.2
3piu_A,T0614.fasta,33.333,33,15,1,86,111,2,34,5.3,19.6
3pj0_A,T0318.fasta,24.638,69,47,3,187,253,345,410,0.26,23.9
3pj0_A,T0645.fasta,24.074,54,31,2,54,107,404,447,1.9,21.2
3pj0_A,T0614.fasta,36.842,19,12,0,293,311,86,104,2.0,20.8
3pj0_A,T0379.fasta,30.769,26,18,0,184,209,116,141,4.8,19.6
3pj0_A,T0417.fasta,28.571,49,30,1,238,286,26,69,5.7,19.2
3pj0_A,T0289.fasta,38.095,21,12,1,236,256,269,288,5.8,19.6
3pj0_A,T0405.fasta,29.412,34,24,0,228,261,8,41,7.7,19.2
3pj0_A,T0723.fasta,30.189,53,30,3,39,86,62,112,8.4,18.9
3pj0_A,T0746.fasta,31.818,44,24,1,54,91,110,153,8.8,19.2
3pj0_A,T0447.fasta,25.862,58,32,1,91,137,27,84,9.0,19.2
3pj0_A,T0524.fasta,46.667,15,8,0,88,102,242,256,9.3,18.9
3ppl_A,T0645.fasta,26.761,71,48,3,224,292,270,338,0.048,26.6
3ppl_A,T0413.fasta,32.692,52,33,1,195,244,142,193,0.16,24.6
3ppl_A,T0413.fasta,23.457,81,50,2,193,261,43,123,8.4,19.2
3ppl_A,T0468.fasta,35.000,20,13,0,55,74,16,35,0.63,22.3
3ppl_A,T0534.fasta,35.714,28,18,0,351,378,61,88,3.1,20.8
3ppl_A,T0746.fasta,34.783,23,15,0,105,127,222,244,3.6,20.4
3ppl_A,T0427.fasta,30.000,40,28,0,113,152,1,40,3.7,20.8
3ppl_A,T0744.fasta,63.636,11,4,0,406,416,257,267,3.9,20.4
3ppl_A,T0359.fasta,36.000,25,16,0,174,198,9,33,4.1,19.6
3ppl_A,T0376.fasta,28.659,164,93,11,182,327,99,256,4.9,20.0
3ppl_A,T0536.fasta,22.535,71,50,1,294,359,35,105,5.5,19.6
3ppl_A,T0573.fasta,32.432,37,24,1,269,304,54,90,6.1,20.0
3ppl_A,T0693.fasta,23.404,47,35,1,278,323,39,85,6.1,20.0
3ppl_A,T0292.fasta,30.769,26,18,0,156,181,217,242,9.3,19.2
3ppl_A,T0704.fasta,25.000,44,32,1,234,276,78,121,9.6,19.2
3qgu_B,T0749.fasta,27.358,106,67,4,335,440,250,345,1.4,21.9
3qgu_B,T0318.fasta,23.404,94,55,3,193,272,154,244,1.8,21.6
3qgu_B,T0562.fasta,30.000,40,20,1,300,331,24,63,1.8,21.2
3qgu_B,T0723.fasta,70.000,10,3,0,115,124,122,131,5.3,19.6
3qgu_B,T0534.fasta,33.333,39,16,2,269,307,322,350,10.0,19.2
3r2q_A,T0371.fasta,37.143,35,16,2,29,61,116,146,0.82,21.2
3r2q_A,T0520.fasta,35.714,42,24,2,115,154,79,119,1.6,20.4
3r2q_A,T0520.fasta,22.222,63,46,1,52,114,104,163,2.8,19.6
3r2q_A,T0635.fasta,36.667,30,19,0,121,150,9,38,1.9,20.0
3r2q_A,T0347.fasta,32.353,34,22,1,142,175,161,193,2.1,20.0
3r2q_A,T0693.fasta,27.778,18,13,0,156,173,123,140,3.8,19.2
3r2q_A,T0732.fasta,43.750,16,9,0,34,49,230,245,4.7,18.9
3r2q_A,T0310.fasta,36.364,33,19,1,68,100,179,209,9.8,18.1
3sb1_A,T0547.fasta,27.273,33,24,0,39,71,354,386,1.6,20.0
3sb1_A,T0614.fasta,37.500,32,16,2,16,43,85,116,3.6,18.5
3sb1_A,T0536.fasta,75.000,8,2,0,20,27,1,8,4.7,18.5
3sb1_A,T0325.fasta,41.667,12,7,0,42,53,223,234,8.2,17.7
3sb4_A,T0671.fasta,29.630,108,52,2,224,309,168,273,4.77e-06,38.9
3sb4_A,T0671.fasta,23.529,119,80,3,207,317,75,190,0.12,25.0
3sb4_A,T0671.fasta,25.000,48,35,1,226,273,290,336,4.1,20.0
3sb4_A,T0427.fasta,31.633,98,52,4,164,254,321,410,0.028,26.9
3sb4_A,T0427.fasta,22.449,49,34,1,206,254,311,355,8.4,18.9
3sb4_A,T0635.fasta,27.273,33,24,0,22,54,93,125,0.82,21.9
3sb4_A,T0723.fasta,26.389,72,43,4,209,274,5,72,1.4,21.2
3sb4_A,T0732.fasta,23.077,39,30,0,216,254,262,300,2.6,20.8
3sb4_A,T0318.fasta,50.000,16,8,0,189,204,383,398,5.5,19.6
3sb4_A,T0521.fasta,31.034,29,18,1,199,225,136,164,6.5,19.2
3sb4_A,T0289.fasta,37.500,24,14,1,190,213,243,265,8.5,18.9
3sqz_A,T0310.fasta,28.571,63,34,2,335,392,128,184,0.64,23.1
3sqz_A,T0693.fasta,28.261,46,33,0,92,137,43,88,1.6,21.6
3sqz_A,T0332.fasta,19.231,26,21,0,127,152,82,107,2.9,20.4
3sqz_A,T0521.fasta,24.658,73,50,2,253,325,86,153,3.1,20.4
3sqz_A,T0413.fasta,50.000,16,8,0,121,136,145,160,5.5,20.0
3sqz_A,T0456.fasta,60.000,10,4,0,308,317,85,94,7.4,19.6
3thi_A,T0693.fasta,29.231,65,40,2,162,220,183,247,0.65,22.7
3thi_A,T0715.fasta,26.471,34,25,0,212,245,346,379,1.6,21.6
3thi_A,T0338.fasta,33.333,45,29,1,276,319,89,133,1.8,21.2
3thi_A,T0674.fasta,28.571,70,45,2,3,67,181,250,2.0,21.2
3thi_A,T0645.fasta,38.889,36,19,1,73,108,447,479,2.2,21.2
3thi_A,T0620.fasta,50.000,14,7,0,131,144,7,20,2.9,20.8
3thi_A,T0547.fasta,34.375,32,19,1,105,136,332,361,8.0,19.2
3thi_A,T0547.fasta,23.077,78,52,2,111,188,483,552,8.8,19.2
3thi_A,T0614.fasta,38.889,18,11,0,13,30,33,50,9.2,18.9
3thi_A,T0751.fasta,28.261,46,33,0,160,205,2,47,9.8,18.5
3tu3_B,T0620.fasta,26.984,63,44,2,582,644,171,231,0.032,27.7
3tu3_B,T0371.fasta,43.750,16,9,0,678,693,189,204,2.5,21.9
3tu3_B,T0645.fasta,24.615,65,40,2,630,692,72,129,3.0,21.6
3tu3_B,T0318.fasta,30.000,60,36,2,398,457,31,84,3.1,21.6
3tu3_B,T0408.fasta,24.138,58,39,1,520,572,8,65,8.1,19.6
3tu3_B,T0451.fasta,26.531,49,36,0,338,386,65,113,8.2,19.6
3ucq_A,T0715.fasta,28.788,66,45,2,436,500,122,186,1.2,22.7
3ucq_A,T0371.fasta,40.909,22,13,0,106,127,27,48,1.4,22.3
3ucq_A,T0286.fasta,37.500,32,17,2,243,272,59,89,4.7,20.8
3us3_A,T0506.fasta,25.000,92,49,4,280,352,89,179,0.47,23.1
3us3_A,T0286.fasta,58.333,12,5,0,276,287,78,89,1.6,21.2
3us3_A,T0286.fasta,22.807,57,34,1,179,225,24,80,2.1,20.8
3us3_A,T0318.fasta,27.778,54,30,2,206,259,74,118,2.1,21.2
3us3_A,T0318.fasta,26.667,30,22,0,332,361,358,387,3.9,20.4
3us3_A,T0574.fasta,29.545,44,31,0,60,103,46,89,4.7,19.2
3us3_A,T0289.fasta,41.176,17,10,0,168,184,249,265,8.8,19.2
3v0d_A,T0310.fasta,47.368,19,10,0,124,142,377,395,0.19,24.3
3v0d_A,T0496.fasta,40.000,30,11,2,271,293,41,70,1.1,21.6
3v0d_A,T0292.fasta,35.000,20,13,0,52,71,46,65,5.4,19.6
3v0d_A,T0640.fasta,33.333,27,16,1,288,314,176,200,5.6,19.6
3v4c_A,T0715.fasta,23.786,206,138,6,59,262,2,190,0.002,31.6
3v4c_A,T0536.fasta,36.364,33,18,1,120,152,46,75,0.24,23.9
3v4c_A,T0693.fasta,40.000,35,18,2,419,452,7,39,3.0,21.2
3v4c_A,T0693.fasta,29.787,47,29,1,123,169,277,319,4.4,20.8
3v4c_A,T0427.fasta,61.538,13,5,0,346,358,372,384,4.2,20.8
3v4c_A,T0506.fasta,47.368,19,10,0,484,502,34,52,4.5,20.4
3v5c_A,T0413.fasta,29.333,75,44,2,261,334,187,253,0.36,23.5
3v5c_A,T0413.fasta,25.316,79,51,4,285,360,88,161,2.2,21.2
3v5c_A,T0325.fasta,31.579,38,25,1,216,252,74,111,1.7,21.6
3v5c_A,T0640.fasta,35.484,31,20,0,302,332,76,106,2.2,21.2
3v5c_A,T0447.fasta,22.857,175,105,7,125,296,102,249,2.3,21.2
3v5c_A,T0659.fasta,50.000,18,9,0,339,356,18,35,2.4,20.0
3v5c_A,T0698.fasta,41.667,24,7,1,2,18,55,78,3.8,20.0
3v5c_A,T0451.fasta,40.909,22,10,1,285,306,34,52,4.3,19.6
3v5c_A,T0347.fasta,36.842,19,12,0,167,185,178,196,5.0,19.6
3v5c_A,T0547.fasta,37.037,27,17,0,79,105,303,329,6.0,20.0
3v5c_A,T0289.fasta,36.842,19,12,0,292,310,28,46,7.4,19.2
3v5c_A,T0561.fasta,32.609,46,30,1,216,261,79,123,7.7,19.2
3v5c_A,T0524.fasta,37.037,27,15,1,64,90,26,50,8.5,19.2
3vqt_A,T0359.fasta,40.000,35,20,1,212,245,41,75,1.3,21.6
3vqt_A,T0620.fasta,47.059,17,9,0,273,289,48,64,5.6,20.4
3vqt_A,T0371.fasta,34.211,38,21,1,205,238,66,103,7.3,20.0
3vqt_A,T0640.fasta,42.857,14,8,0,252,265,186,199,8.1,19.6
3vqt_A,T0524.fasta,35.294,17,11,0,511,527,268,284,9.5,19.6
3vrd_B,T0347.fasta,40.000,20,12,0,258,277,177,196,4.4,20.0
3vrd_B,T0574.fasta,31.250,64,33,3,243,299,25,84,4.5,19.6
3vrd_B,T0506.fasta,28.571,35,25,0,246,280,118,152,7.9,19.2
3we0_A,T0732.fasta,22.059,68,49,1,186,249,280,347,0.063,26.6
3we0_A,T0325.fasta,31.818,22,15,0,521,542,3,24,0.91,22.7
3we0_A,T0674.fasta,30.000,60,40,1,139,196,181,240,1.1,22.7
3we0_A,T0289.fasta,34.694,49,21,3,134,173,37,83,2.2,21.6
3we0_A,T0456.fasta,40.000,20,12,0,298,317,182,201,3.8,20.8
3we0_A,T0536.fasta,66.667,9,3,0,482,490,84,92,5.1,20.0
3wnd_A,T0318.fasta,39.024,41,19,3,50,89,327,362,3.4,20.4
3wnd_A,T0318.fasta,30.769,26,18,0,170,195,33,58,4.4,20.0
3wnd_A,T0325.fasta,29.787,47,32,1,268,313,27,73,8.6,19.2
3ws7_A,T0540.fasta,33.333,39,24,1,144,182,22,58,0.030,25.4
3ws7_A,T0396.fasta,33.333,36,24,0,120,155,4,39,0.037,25.4
3ws7_A,T0447.fasta,34.783,23,15,0,257,279,374,396,0.92,21.9
3ws7_A,T0635.fasta,31.081,74,40,3,207,275,53,120,1.7,20.8
3ws7_A,T0341.fasta,36.842,19,12,0,286,304,126,144,4.8,19.6
3zss_A,T0547.fasta,31.373,51,30,2,552,598,171,220,0.077,26.9
3zss_A,T0538.fasta,42.857,28,11,1,205,232,30,52,2.9,20.0
3zss_A,T0325.fasta,28.205,39,27,1,641,678,87,125,5.0,20.8
3zss_A,T0456.fasta,50.000,14,6,1,342,355,252,264,5.3,20.8
4a5s_A,T0289.fasta,33.333,39,21,1,584,617,8,46,0.058,26.9
4a5s_A,T0744.fasta,24.658,73,42,2,560,619,198,270,2.8,21.9
4a5s_A,T0645.fasta,31.373,51,29,2,586,636,242,286,3.0,21.9
4a5s_A,T0361.fasta,19.802,101,70,1,532,632,3,92,3.5,21.2
4a5s_A,T0318.fasta,23.529,51,37,2,302,351,21,70,5.6,20.8
4a5s_A,T0749.fasta,28.333,60,36,2,394,453,262,314,5.9,20.8
4bvx_A,T0751.fasta,27.692,65,39,2,156,212,13,77,1.3,20.4
4bvx_A,T0534.fasta,34.783,23,12,1,158,177,3,25,3.9,19.2
4bvx_A,T0693.fasta,22.222,90,58,4,114,193,192,279,5.0,18.9
4bvx_A,T0289.fasta,38.095,21,13,0,112,132,186,206,6.8,18.5
4bvx_A,T0376.fasta,37.037,27,15,1,46,72,129,153,9.7,18.1
4c08_A,T0693.fasta,41.667,36,21,0,88,123,117,152,0.012,28.1
4c08_A,T0338.fasta,31.250,32,16,1,310,341,185,210,6.0,19.6
4c08_A,T0325.fasta,32.143,28,19,0,41,68,152,179,9.2,18.9
4c08_A,T0447.fasta,40.000,20,11,1,344,362,511,530,9.4,19.2
4c08_A,T0361.fasta,30.435,46,26,1,289,334,59,98,9.7,18.9
4c08_A,T0318.fasta,38.095,21,13,0,271,291,209,229,9.9,19.2
4c3s_A,T0715.fasta,100.000,435,0,0,11,445,1,435,0.0,894
4c3s_A,T0671.fasta,41.176,17,10,0,317,333,221,237,6.0,20.0
4c3s_A,T0286.fasta,34.483,29,19,0,142,170,126,154,8.9,19.2
4cfs_A,T0547.fasta,23.529,85,56,3,188,264,1,84,0.055,25.8
4cfs_A,T0547.fasta,22.222,27,21,0,190,216,105,131,3.0,20.4
4cfs_A,T0310.fasta,21.918,73,55,1,152,224,1,71,0.69,22.3
4cfs_A,T0749.fasta,30.612,49,30,2,191,239,287,331,0.90,21.9
4cfs_A,T0354.fasta,32.727,55,28,2,66,120,36,81,1.2,20.8
4cfs_A,T0413.fasta,38.889,18,11,0,25,42,21,38,3.1,20.0
4cfs_A,T0447.fasta,21.951,41,31,1,23,62,345,385,5.4,19.6
4cfs_A,T0347.fasta,100.000,5,0,0,44,48,189,193,6.1,19.2
4d5c_A,T0347.fasta,37.500,16,10,0,66,81,145,160,0.54,21.9
4d5c_A,T0534.fasta,25.000,48,29,1,6,46,69,116,1.2,20.8
4d5c_A,T0723.fasta,35.714,28,18,0,62,89,55,82,1.5,20.4
4d5c_A,T0746.fasta,31.429,35,24,0,107,141,189,223,2.1,20.0
4d5c_A,T0341.fasta,31.250,32,15,1,141,172,212,236,2.5,19.6
4d5c_A,T0310.fasta,27.451,51,24,1,19,69,383,420,4.2,19.2
4d5c_A,T0744.fasta,36.000,25,16,0,181,205,247,271,4.3,19.2
4d5c_A,T0405.fasta,31.818,22,15,0,19,40,37,58,6.9,18.5
4d5c_A,T0704.fasta,27.907,43,31,0,138,180,133,175,9.0,18.1
4dcu_A,T0420.fasta,36.667,30,19,0,31,60,145,174,0.31,23.9
4dcu_A,T0744.fasta,31.034,29,20,0,332,360,87,115,0.42,23.5
4dcu_A,T0573.fasta,22.973,74,48,3,373,439,232,303,1.8,21.6
4dcu_A,T0318.fasta,41.176,17,10,0,402,418,219,235,3.3,20.8
4dcu_A,T0454.fasta,35.714,28,18,0,92,119,24,51,3.9,20.4
4dcu_A,T0677.fasta,32.432,37,17,2,58,86,30,66,4.7,19.6
4dcu_A,T0526.fasta,38.095,21,11,1,404,422,219,239,7.7,19.6
4eq9_A,T0732.fasta,26.000,50,34,1,154,200,91,140,2.8,20.0
4eq9_A,T0674.fasta,33.333,30,16,1,62,87,84,113,2.9,20.0
4eq9_A,T0347.fasta,32.258,31,21,0,193,223,96,126,4.4,19.2
4eq9_A,T0663.fasta,28.947,38,23,1,15,52,107,140,4.6,19.2
4eq9_A,T0573.fasta,53.846,13,6,0,109,121,134,146,5.8,18.9
4eq9_A,T0524.fasta,50.000,10,5,0,157,166,73,82,8.4,18.5
4eqb_A,T0732.fasta,35.897,39,24,1,109,147,218,255,0.011,28.1
4eqb_A,T0341.fasta,30.233,43,28,1,107,149,92,132,0.47,22.7
4eqb_A,T0286.fasta,33.333,21,14,0,172,192,105,125,0.89,21.9
4eqb_A,T0338.fasta,42.857,21,8,1,15,31,213,233,1.6,21.2
4eqb_A,T0661.fasta,31.707,41,27,1,93,133,68,107,4.4,19.6
4eqb_A,T0496.fasta,22.727,44,27,1,116,159,54,90,5.0,19.6
4eqb_A,T0635.fasta,21.898,137,73,7,163,279,1,123,5.8,19.2
4eqb_A,T0437.fasta,27.273,44,32,0,38,81,34,77,8.6,18.5
4eqs_A,T0615.fasta,32.258,31,21,0,163,193,105,135,0.66,22.7
4eqs_A,T0292.fasta,40.909,22,13,0,201,222,205,226,0.91,22.3
4eqs_A,T0405.fasta,26.724,116,47,6,46,133,135,240,2.3,21.2
4eqs_A,T0379.fasta,41.667,24,11,1,321,341,124,147,3.7,20.4
4eqs_A,T0506.fasta,56.250,16,7,0,205,220,131,146,4.8,20.0
4eqs_A,T0620.fasta,24.242,33,25,0,394,426,202,234,5.1,20.0
4eqs_A,T0447.fasta,34.545,55,28,3,292,340,259,311,6.4,20.0
4euo_A,T0292.fasta,20.690,87,52,3,229,298,86,172,1.6,21.2
4euo_A,T0693.fasta,33.333,30,19,1,91,119,122,151,3.3,20.4
4euo_A,T0318.fasta,30.769,39,27,0,235,273,36,74,4.9,19.6
4euo_A,T0361.fasta,33.333,27,18,0,28,54,115,141,5.8,19.2
4euo_A,T0540.fasta,40.741,27,11,2,109,135,34,55,9.4,18.1
4g68_A,T0741.fasta,31.707,41,21,2,75,108,67,107,1.1,21.9
4g68_A,T0562.fasta,25.352,71,49,2,303,369,12,82,2.3,20.8
4g68_A,T0574.fasta,39.130,23,14,0,137,159,52,74,4.5,19.6
4g68_A,T0309.fasta,30.000,30,21,0,262,291,1,30,5.0,18.9
4g68_A,T0671.fasta,23.529,51,37,1,141,191,327,375,9.7,19.2
4g8t_A,T0715.fasta,44.444,18,10,0,445,462,226,243,0.72,23.1
4g8t_A,T0715.fasta,25.758,66,36,2,331,383,133,198,3.2,20.8
4g8t_A,T0456.fasta,24.359,78,38,1,52,129,67,123,1.7,21.6
4g8t_A,T0677.fasta,34.783,23,14,1,335,356,1,23,1.8,21.2
4g8t_A,T0413.fasta,43.478,23,13,0,143,165,267,289,2.2,21.2
4g8t_A,T0413.fasta,35.000,20,13,0,26,45,252,271,5.2,20.0
4g8t_A,T0671.fasta,31.250,32,22,0,197,228,105,136,2.9,21.2
4g8t_A,T0309.fasta,37.500,24,15,0,273,296,18,41,3.1,19.6
4g8t_A,T0359.fasta,32.432,37,12,1,120,156,4,27,3.4,20.0
4g8t_A,T0620.fasta,42.857,21,12,0,154,174,156,176,4.4,20.4
4g8t_A,T0390.fasta,30.435,23,16,0,75,97,81,103,8.2,19.2
4h27_A,T0524.fasta,23.729,59,43,1,9,65,175,233,0.32,23.5
4h27_A,T0413.fasta,43.750,16,9,0,158,173,164,179,2.0,21.2
4h27_A,T0427.fasta,38.889,18,11,0,247,264,395,412,4.8,20.0
4h27_A,T0427.fasta,24.242,33,25,0,44,76,139,171,5.2,20.0
4h27_A,T0620.fasta,33.333,21,12,1,84,102,250,270,7.7,19.2
4hvk_A,T0427.fasta,25.610,82,54,4,178,256,339,416,2.5,21.2
4hvk_A,T0427.fasta,19.608,51,36,1,245,290,120,170,5.6,20.0
4hvk_A,T0507.fasta,35.714,28,14,1,108,131,63,90,2.8,20.4
4hvk_A,T0645.fasta,30.303,66,31,4,217,278,156,210,4.0,20.4
4hvk_A,T0447.fasta,50.000,12,6,0,103,114,455,466,6.1,19.6
4i8h_A,T0645.fasta,33.333,33,22,0,90,122,327,359,1.7,20.8
4i8h_A,T0645.fasta,37.500,16,10,0,37,52,342,357,2.5,20.0
4i8h_A,T0723.fasta,30.303,33,19,2,187,219,23,51,2.0,20.0
4i8h_A,T0671.fasta,25.000,32,24,0,87,118,182,213,3.9,19.2
4i8h_A,T0524.fasta,19.753,81,61,2,3,81,77,155,6.1,18.9
4i8h_A,T0289.fasta,21.918,146,76,5,27,172,23,130,9.4,18.1
4iw9_A,T0561.fasta,34.091,44,28,1,11,53,83,126,1.7,20.4
4iw9_A,T0671.fasta,50.000,14,7,0,120,133,142,155,4.0,19.6
4iw9_A,T0506.fasta,50.000,16,7,1,90,105,108,122,7.0,18.5
4iw9_A,T0379.fasta,50.000,12,6,0,94,105,91,102,8.5,18.5
4iw9_A,T0427.fasta,26.271,118,56,9,122,229,201,297,8.7,18.5
4jb7_A,T0547.fasta,47.368,19,10,0,108,126,336,354,1.4,21.2
4jb7_A,T0376.fasta,34.483,29,17,1,114,142,57,83,2.1,20.4
4jb7_A,T0615.fasta,28.814,59,38,1,38,92,117,175,2.2,20.4
4jb7_A,T0310.fasta,30.769,65,25,3,81,127,130,192,3.1,20.0
4jb7_A,T0534.fasta,53.846,13,6,0,222,234,250,262,9.0,18.5
4jbe_A,T0310.fasta,28.960,404,269,10,41,438,2,393,1.62e-37,133
4jbe_A,T0715.fasta,26.950,141,94,5,138,276,89,222,0.002,31.2
4jbe_A,T0413.fasta,24.138,58,36,2,260,311,15,70,0.31,23.9
4jbe_A,T0663.fasta,24.390,41,31,0,337,377,112,152,0.91,22.3
4jbe_A,T0318.fasta,30.189,53,28,2,96,144,292,339,1.8,21.6
4jbe_A,T0318.fasta,26.000,50,37,0,162,211,144,193,2.6,21.2
4jbe_A,T0524.fasta,36.364,22,14,0,302,323,99,120,3.1,20.8
4jbe_A,T0614.fasta,36.667,30,18,1,24,52,85,114,4.2,20.0
4jbe_A,T0371.fasta,43.478,23,12,1,374,395,50,72,4.9,20.0
4jbe_A,T0694.fasta,23.944,71,42,1,15,73,242,312,5.5,20.0
4jbe_A,T0507.fasta,32.500,40,21,2,333,366,94,133,8.1,19.2
4jbe_A,T0332.fasta,37.500,16,10,0,404,419,80,95,9.9,18.9
4jn7_A,T0319.fasta,20.988,81,61,2,124,201,27,107,2.4,20.4
4jn7_A,T0645.fasta,66.667,9,3,0,28,36,241,249,6.0,19.6
4jn7_A,T0741.fasta,50.000,10,5,0,345,354,6,15,6.8,19.2
4jn7_A,T0693.fasta,30.189,53,31,2,334,382,236,286,8.8,19.2
4jyk_A,T0454.fasta,29.358,109,73,2,20,126,3,109,1.05e-12,56.2
4jyk_A,T0562.fasta,34.783,23,15,0,173,195,90,112,0.26,22.3
4jyk_A,T0744.fasta,30.986,71,37,4,42,111,157,216,1.6,20.4
4jyk_A,T0744.fasta,50.000,16,8,0,85,100,156,171,9.0,18.1
4jyk_A,T0671.fasta,46.667,15,8,0,187,201,138,152,5.8,18.9
4jyk_A,T0573.fasta,26.190,42,23,1,75,108,115,156,6.7,18.5
4jyk_A,T0749.fasta,24.324,37,24,1,147,183,174,206,6.8,18.5
4jyk_A,T0749.fasta,28.571,21,15,0,95,115,221,241,8.8,18.1
4kqp_A,T0704.fasta,26.316,57,40,1,60,114,45,101,2.2,20.0
4kqp_A,T0451.fasta,38.462,26,12,1,204,229,17,38,2.6,19.6
4kqp_A,T0746.fasta,23.684,38,28,1,154,191,155,191,2.7,20.0
4kqp_A,T0674.fasta,26.437,87,46,4,59,141,43,115,2.9,20.0
4kqp_A,T0371.fasta,33.333,33,19,1,105,137,19,48,3.6,19.6
4kqp_A,T0405.fasta,31.818,22,15,0,92,113,79,100,4.1,19.2
4kqp_A,T0524.fasta,25.000,76,47,2,123,193,11,81,6.0,18.9
4kqp_A,T0361.fasta,45.455,11,6,0,164,174,43,53,6.8,18.5
4krg_B,T0704.fasta,24.359,78,55,1,57,134,20,93,0.23,24.3
4krg_B,T0526.fasta,38.462,26,16,0,103,128,110,135,2.1,21.6
4krg_B,T0325.fasta,27.184,103,51,5,253,334,67,166,3.9,20.4
4krg_B,T0693.fasta,36.111,36,20,2,54,86,113,148,4.0,20.4
4krg_B,T0723.fasta,54.545,11,5,0,147,157,45,55,5.0,20.0
4krg_B,T0573.fasta,27.660,47,34,0,43,89,48,94,7.9,19.6
4lj6_A,T0325.fasta,24.324,74,49,3,3,73,91,160,0.31,23.5
4lj6_A,T0289.fasta,44.444,27,11,1,176,202,103,125,0.34,23.5
4lj6_A,T0615.fasta,28.395,81,41,5,151,218,71,147,0.41,23.1
4lj6_A,T0408.fasta,24.324,37,24,1,154,190,8,40,0.50,21.9
4lj6_A,T0309.fasta,37.838,37,15,1,4,32,19,55,1.3,20.4
4lj6_A,T0292.fasta,53.333,15,7,0,303,317,188,202,1.4,21.6
4lj6_A,T0292.fasta,26.966,178,88,11,37,202,97,244,3.0,20.4
4lj6_A,T0694.fasta,25.714,105,66,3,218,312,109,211,1.5,21.6
4lj6_A,T0645.fasta,27.083,48,35,0,80,127,241,288,2.1,21.2
4lj6_A,T0749.fasta,33.333,45,26,2,108,148,261,305,2.5,20.8
4lj6_A,T0732.fasta,20.930,43,34,0,243,285,302,344,2.9,20.4
4lj6_A,T0427.fasta,36.364,22,14,0,281,302,224,245,5.0,19.6
4lj6_A,T0540.fasta,29.630,27,19,0,104,130,31,57,5.4,18.9
4lj6_A,T0332.fasta,30.435,23,16,0,91,113,78,100,6.5,19.2
4lj6_A,T0693.fasta,32.000,25,17,0,10,34,3,27,6.8,19.2
4lj6_A,T0420.fasta,66.667,12,4,0,150,161,137,148,8.5,18.9
4lv5_A,T0292.fasta,22.222,144,90,5,217,358,121,244,0.013,28.1
4lv5_A,T0456.fasta,20.755,159,113,5,199,354,111,259,0.029,26.9
4lv5_A,T0749.fasta,20.213,94,58,2,191,267,123,216,2.8,20.8
4lv5_A,T0751.fasta,63.636,11,4,0,105,115,101,111,5.4,19.2
4lv5_A,T0359.fasta,24.444,45,23,2,204,237,8,52,7.0,18.9
4m2m_A,T0417.fasta,30.952,42,29,0,277,318,90,131,1.5,21.6
4m2m_A,T0694.fasta,23.864,88,63,1,70,153,75,162,2.4,21.2
4m2m_A,T0349.fasta,30.769,39,27,0,272,310,31,69,3.6,19.6
4m2m_A,T0744.fasta,41.667,36,16,2,316,346,175,210,7.8,19.2
4m2m_A,T0704.fasta,33.333,57,28,3,205,259,175,223,8.2,19.2
4mf5_A,T0674.fasta,23.684,114,67,4,105,217,194,288,0.019,26.9
4mf5_A,T0396.fasta,66.667,9,3,0,134,142,28,36,0.79,21.2
4mf5_A,T0663.fasta,39.130,23,14,0,196,218,19,41,1.2,20.8
4mf5_A,T0663.fasta,17.647,68,53,1,1,68,48,112,3.3,19.6
4mf5_A,T0645.fasta,41.176,17,10,0,31,47,411,427,1.5,21.2
4mf5_A,T0645.fasta,53.333,15,6,1,156,170,46,59,4.4,19.6
4mf5_A,T0547.fasta,24.675,77,47,2,78,144,347,422,1.9,20.8
4mf5_A,T0454.fasta,38.710,31,12,2,69,99,92,115,4.0,19.6
4mf5_A,T0379.fasta,30.769,26,18,0,73,98,88,113,4.2,19.2
4mf5_A,T0289.fasta,29.268,41,26,1,88,128,230,267,6.0,18.9
4msx_A,T0496.fasta,36.842,19,12,0,146,164,37,55,0.52,23.1
4msx_A,T0635.fasta,46.667,15,8,0,99,113,86,100,1.4,21.9
4msx_A,T0427.fasta,66.667,15,5,0,391,405,321,335,1.9,21.6
4msx_A,T0379.fasta,23.810,147,88,8,42,167,50,193,2.2,21.2
4msx_A,T0520.fasta,26.923,26,19,0,408,433,92,117,2.7,20.8
4msx_A,T0671.fasta,28.358,67,36,4,109,165,201,265,5.0,20.4
4msx_A,T0677.fasta,35.484,31,14,1,437,467,37,61,9.7,18.9
4ntc_A,T0376.fasta,25.843,89,49,4,2,81,102,182,1.2,21.6
4ntc_A,T0678.fasta,34.783,23,15,0,180,202,56,78,1.7,20.8
4ntc_A,T0678.fasta,41.935,31,16,1,172,202,5,33,2.7,20.4
4ntc_A,T0693.fasta,30.769,26,17,1,121,145,172,197,2.4,20.8
4ntc_A,T0488.fasta,28.571,56,23,1,265,320,6,44,3.4,19.6
4ntc_A,T0447.fasta,41.667,36,15,2,157,186,246,281,3.8,20.0
4ntc_A,T0310.fasta,30.769,26,18,0,197,222,98,123,4.0,20.0
4ntc_A,T0451.fasta,38.095,21,13,0,88,108,75,95,5.8,19.2
4p0g_A,T0674.fasta,25.758,66,45,2,313,377,48,110,0.013,28.5
4p0g_A,T0674.fasta,40.000,20,12,0,365,384,40,59,9.3,19.2
4p0g_A,T0564.fasta,31.111,45,31,0,261,305,11,55,0.90,21.2
4p0g_A,T0286.fasta,32.353,34,23,0,317,350,102,135,1.0,22.3
4p0g_A,T0427.fasta,25.000,28,21,0,349,376,78,105,2.2,21.2
4p0g_A,T0547.fasta,24.719,89,49,3,103,174,299,386,3.2,20.8
4p0g_A,T0605.fasta,31.481,54,27,3,199,244,2,53,3.5,19.2
4p0g_A,T0671.fasta,42.857,28,12,2,100,125,36,61,6.0,20.0
4p0g_A,T0693.fasta,36.842,19,12,0,264,282,85,103,8.9,19.2
4pqh_A,T0376.fasta,33.333,36,22,1,129,162,223,258,0.45,22.3
4pqh_A,T0562.fasta,45.000,20,11,0,202,221,66,85,0.77,21.2
4pqh_A,T0547.fasta,34.783,23,15,0,115,137,297,319,2.4,20.4
4pqh_A,T0488.fasta,40.000,20,12,0,186,205,54,73,2.5,19.6
4pqh_A,T0420.fasta,29.032,31,22,0,1,31,8,38,3.8,19.2
4pqh_A,T0379.fasta,23.958,96,59,5,99,185,33,123,5.4,18.9
4pqh_A,T0286.fasta,43.750,16,9,0,96,111,40,55,5.7,18.9
4pqh_A,T0573.fasta,27.660,47,30,1,9,55,237,279,9.7,18.1
4qpk_A,T0614.fasta,31.579,38,24,2,95,131,14,50,0.49,21.9
4qpk_A,T0524.fasta,29.032,31,22,0,9,39,175,205,0.82,21.6
4qpk_A,T0671.fasta,32.500,40,27,0,37,76,200,239,7.1,18.9
4qpk_A,T0732.fasta,50.000,10,5,0,189,198,53,62,7.9,18.5
4qtc_A,T0292.fasta,36.923,65,35,4,156,216,69,131,0.052,26.2
4qtc_A,T0456.fasta,29.000,100,62,3,132,229,60,152,0.083,25.4
4qtc_A,T0405.fasta,30.357,56,39,0,123,178,74,129,0.12,25.0
4qtc_A,T0390.fasta,23.077,39,30,0,318,356,70,108,5.0,19.6
4qtc_A,T0749.fasta,31.579,19,13,0,302,320,91,109,6.8,19.6
4qtc_A,T0359.fasta,35.000,20,13,0,70,89,53,72,7.3,18.9
4r2f_A,T0715.fasta,25.926,81,39,2,204,284,254,313,0.10,25.8
4r2f_A,T0661.fasta,40.909,22,11,1,246,267,120,139,1.4,21.6
4r2f_A,T0693.fasta,28.889,45,27,1,160,199,86,130,4.1,20.4
4r2f_A,T0694.fasta,43.750,16,9,0,351,366,136,151,5.8,20.0
4r2f_A,T0289.fasta,26.316,57,40,1,197,251,14,70,6.5,19.6
4r2f_A,T0524.fasta,33.333,21,14,0,266,286,56,76,6.7,19.6
4r2f_A,T0454.fasta,27.273,33,24,0,115,147,49,81,7.3,19.6
4r2f_A,T0534.fasta,46.154,13,7,0,249,261,1,13,8.9,19.2
4r2f_A,T0456.fasta,33.333,24,16,0,53,76,106,129,9.0,19.2
4r2f_A,T0396.fasta,41.379,29,16,1,50,77,6,34,9.0,18.9
4r6h_A,T0447.fasta,30.263,76,41,4,66,137,110,177,0.006,29.6
4r6h_A,T0547.fasta,37.143,35,17,2,254,283,196,230,2.0,21.6
4r6h_A,T0521.fasta,18.182,44,36,0,199,242,75,118,2.7,20.8
4r6h_A,T0674.fasta,31.818,22,15,0,391,412,1,22,8.6,19.2
4r75_A,T0547.fasta,29.851,67,21,3,205,245,472,538,0.75,22.3
4r75_A,T0379.fasta,28.947,38,26,1,153,190,73,109,1.7,21.2
4r75_A,T0561.fasta,33.333,42,23,2,273,312,100,138,2.0,20.8
4r75_A,T0639.fasta,58.333,12,5,0,132,143,22,33,2.6,20.0
4r75_A,T0341.fasta,36.667,30,19,0,97,126,200,229,3.9,20.0
4r75_A,T0645.fasta,32.000,25,17,0,69,93,240,264,5.2,19.6
4r75_A,T0454.fasta,38.889,18,11,0,46,63,85,102,7.3,18.9
4r75_A,T0524.fasta,29.167,24,17,0,157,180,233,256,8.4,18.9
4r75_A,T0540.fasta,39.130,23,10,1,194,212,58,80,8.5,18.5
4rd4_A,T0732.fasta,29.688,64,39,2,82,145,194,251,0.18,24.6
4rd4_A,T0744.fasta,23.762,101,62,4,48,138,2,97,1.2,21.9
4rd4_A,T0520.fasta,37.500,32,20,0,113,144,129,160,2.0,21.2
4rd4_A,T0286.fasta,30.303,33,22,1,249,281,133,164,3.6,20.4
4rd4_A,T0318.fasta,26.786,56,37,3,140,192,15,69,5.5,20.0
4rjz_A,T0715.fasta,57.143,14,6,0,24,37,79,92,1.4,21.9
4rjz_A,T0557.fasta,29.167,24,17,0,37,60,1,24,2.4,20.8
4rjz_A,T0286.fasta,47.368,19,10,0,36,54,125,143,2.6,20.8
4rjz_A,T0347.fasta,29.167,24,17,0,238,261,28,51,2.8,20.8
4rjz_A,T0507.fasta,35.714,28,16,1,61,88,53,78,3.2,20.4
4rjz_A,T0534.fasta,50.000,16,8,0,209,224,94,109,6.1,19.6
4rjz_A,T0640.fasta,40.000,30,15,1,212,241,180,206,6.2,19.6
4rjz_A,T0547.fasta,27.778,36,22,1,50,85,258,289,8.7,19.2
4ry1_A,T0408.fasta,55.556,18,8,0,321,338,81,98,0.17,23.9
4ry1_A,T0286.fasta,26.667,30,22,0,232,261,112,141,2.5,20.8
4ry1_A,T0694.fasta,42.105,19,11,0,79,97,30,48,2.7,20.8
4ry1_A,T0547.fasta,33.333,33,19,1,154,186,80,109,3.0,20.8
4ry1_A,T0427.fasta,54.545,11,5,0,213,223,9,19,6.1,20.0
4ry1_A,T0749.fasta,56.250,16,7,0,17,32,123,138,6.4,19.6
4ry1_A,T0371.fasta,38.889,18,11,0,150,167,60,77,7.2,19.6
4ry1_A,T0405.fasta,33.333,33,21,1,337,369,18,49,7.8,19.2
4ry1_A,T0674.fasta,39.130,23,11,1,81,103,45,64,8.0,19.2
4ry1_A,T0661.fasta,30.952,42,27,1,168,209,47,86,8.1,19.2
4tmx_A,T0286.fasta,58.824,17,6,1,49,64,124,140,1.9,20.8
4tmx_A,T0694.fasta,22.124,113,69,6,113,220,44,142,2.1,20.8
4tmx_A,T0447.fasta,29.333,75,31,4,84,136,294,368,2.5,20.8
4tmx_A,T0371.fasta,43.750,16,9,0,118,133,151,166,4.6,20.0
4tmx_A,T0751.fasta,46.667,15,8,0,2,16,75,89,6.5,18.9
4tmx_A,T0413.fasta,40.000,20,9,1,248,264,44,63,6.5,19.2
4tmx_A,T0678.fasta,70.000,10,3,0,223,232,11,20,7.7,18.9
4tmx_A,T0420.fasta,53.846,13,6,0,285,297,28,40,9.9,18.9
4u19_A,T0454.fasta,29.268,41,28,1,101,141,86,125,0.17,23.9
4u19_A,T0744.fasta,50.000,20,10,0,140,159,169,188,0.21,23.9
4u19_A,T0732.fasta,22.772,101,69,3,53,146,16,114,0.67,22.3
4u19_A,T0723.fasta,35.294,34,19,1,104,137,72,102,1.0,21.2
4u19_A,T0715.fasta,30.556,36,25,0,36,71,313,348,1.7,21.2
4u19_A,T0715.fasta,53.333,15,7,0,123,137,184,198,6.8,18.9
4u19_A,T0286.fasta,32.000,25,17,0,79,103,124,148,1.8,20.8
4u19_A,T0447.fasta,37.143,35,20,1,20,54,500,532,2.9,20.4
4u19_A,T0674.fasta,50.000,12,6,0,119,130,130,141,5.9,19.2
4u19_A,T0379.fasta,45.000,20,11,0,138,157,126,145,8.1,18.5
4u19_A,T0645.fasta,33.333,33,20,1,120,150,261,293,9.0,18.9
4wlh_A,T0310.fasta,25.000,80,41,2,273,352,150,210,0.81,22.7
4wlh_A,T0341.fasta,53.333,15,7,0,41,55,231,245,1.8,21.6
4wlh_A,T0341.fasta,34.211,38,18,1,222,259,9,39,6.6,19.6
4wlh_A,T0496.fasta,45.455,22,10,1,355,376,1,20,2.2,21.2
4wlh_A,T0354.fasta,33.333,33,20,1,111,141,79,111,2.7,20.4
4wlh_A,T0661.fasta,46.667,15,8,0,310,324,68,82,7.7,19.2
4wpg_A,T0744.fasta,30.000,40,28,0,68,107,199,238,3.4,20.0
4wpg_A,T0562.fasta,23.214,56,34,1,189,235,65,120,5.7,18.9
4wpg_A,T0661.fasta,33.333,30,20,0,58,87,91,120,5.7,19.2
4wpg_A,T0547.fasta,23.529,68,46,3,138,200,407,473,5.8,19.2
4wpg_A,T0751.fasta,30.556,36,21,1,9,40,23,58,6.3,18.9
4wpg_A,T0318.fasta,31.395,86,40,4,32,100,145,228,6.3,19.2
4x9t_A,T0693.fasta,22.222,117,77,1,129,231,103,219,0.043,26.2
4x9t_A,T0534.fasta,28.395,81,51,4,163,238,164,242,1.3,21.6
4x9t_A,T0447.fasta,26.316,57,40,1,81,137,485,539,1.6,21.2
4x9t_A,T0286.fasta,24.390,82,51,3,198,271,119,197,1.8,20.8
4x9t_A,T0671.fasta,34.783,23,15,0,207,229,211,233,7.8,19.2
4x9t_A,T0325.fasta,45.000,20,11,0,41,60,133,152,8.5,18.9
4x9t_A,T0640.fasta,40.000,25,15,0,70,94,10,34,9.3,18.9
4xh2_G,T0574.fasta,37.209,43,24,2,56,97,50,90,0.24,22.3
4xh2_G,T0354.fasta,42.857,21,12,0,65,85,15,35,0.26,22.7
4xh2_G,T0318.fasta,33.333,36,19,1,160,195,50,80,2.3,20.4
4xh2_G,T0674.fasta,35.714,56,26,4,110,164,96,142,2.6,20.0
4xh2_G,T0547.fasta,21.622,37,25,1,105,137,4,40,4.7,19.2
4xh2_G,T0526.fasta,50.000,14,7,0,127,140,46,59,8.9,18.5
4yi8_A,T0396.fasta,26.667,75,49,2,31,101,15,87,0.015,25.8
4yi8_A,T0521.fasta,23.077,91,64,2,35,125,47,131,0.038,25.0
4yi8_A,T0521.fasta,23.729,59,43,1,64,122,39,95,0.27,22.7
4yi8_A,T0749.fasta,40.000,30,18,0,148,177,340,369,0.12,23.9
4yi8_A,T0751.fasta,56.250,16,7,0,167,182,52,67,0.24,22.3
4yi8_A,T0451.fasta,35.135,37,19,1,62,98,102,133,0.64,21.2
4yi8_A,T0359.fasta,27.273,44,30,2,59,100,26,69,1.4,20.0
4yi8_A,T0332.fasta,22.857,35,27,0,166,200,44,78,2.1,20.0
4yi8_A,T0289.fasta,30.233,43,29,1,137,178,75,117,3.0,19.6
4yi8_A,T0526.fasta,35.000,20,13,0,129,148,247,266,3.7,19.2
4yi8_A,T0746.fasta,28.814,59,35,2,122,174,137,194,5.0,18.9
4yi8_A,T0635.fasta,24.242,33,25,0,45,77,78,110,7.7,18.1
4yi8_A,T0562.fasta,25.000,24,18,0,28,51,16,39,7.8,18.1
4yi8_A,T0379.fasta,43.750,16,9,0,40,55,48,63,8.6,18.1
4yki_A,T0451.fasta,24.658,73,50,2,125,193,30,101,1.00,21.2
4yki_A,T0506.fasta,34.146,41,26,1,143,182,114,154,1.8,20.4
4yki_A,T0371.fasta,46.667,15,8,0,8,22,197,211,2.9,20.0
4yki_A,T0615.fasta,28.846,52,27,3,171,217,33,79,3.2,19.6
4yki_A,T0615.fasta,20.455,88,47,5,8,85,20,94,9.0,18.5
4yki_A,T0289.fasta,25.287,87,57,4,7,87,34,118,4.0,19.6
4yki_A,T0723.fasta,26.190,42,31,0,88,129,62,103,5.0,18.9
4yki_A,T0309.fasta,38.889,18,11,0,199,216,15,32,5.9,18.1
4yki_A,T0677.fasta,42.857,14,8,0,103,116,99,112,6.2,18.5
4yuc_A,T0506.fasta,44.000,25,14,0,213,237,141,165,0.29,23.5
4yuc_A,T0547.fasta,26.316,57,34,2,251,299,302,358,0.40,23.5
4yuc_A,T0309.fasta,47.619,21,8,1,213,230,42,62,3.4,19.2
4yuc_A,T0562.fasta,35.000,20,13,0,242,261,13,32,5.7,19.2
4yuc_A,T0289.fasta,42.857,14,8,0,231,244,194,207,6.9,19.2
4yuc_A,T0661.fasta,31.250,16,11,0,2,17,120,135,6.9,19.2
4yuc_A,T0635.fasta,46.667,15,8,0,81,95,163,177,9.7,18.5
5dp2_A,T0564.fasta,50.000,18,9,0,100,117,43,60,0.14,23.1
5dp2_A,T0292.fasta,23.288,73,46,3,278,341,151,222,0.27,23.9
5dp2_A,T0347.fasta,30.435,23,16,0,193,215,62,84,0.75,22.3
5dp2_A,T0347.fasta,23.404,94,58,3,33,112,13,106,2.7,20.4
5dp2_A,T0379.fasta,26.316,76,40,3,142,201,129,204,0.89,21.9
5dp2_A,T0371.fasta,35.135,37,23,1,57,93,69,104,1.0,21.9
5dp2_A,T0704.fasta,61.538,13,5,0,170,182,30,42,1.1,21.9
5dp2_A,T0746.fasta,32.075,53,28,4,108,158,198,244,4.4,20.0
5dp2_A,T0659.fasta,35.135,37,14,2,148,179,10,41,5.3,18.9
5dp2_A,T0547.fasta,37.500,24,12,1,71,91,143,166,6.4,19.6
5dp2_A,T0694.fasta,26.316,38,28,0,21,58,91,128,7.9,19.2
5dp2_A,T0640.fasta,30.435,23,16,0,78,100,8,30,8.4,18.9
5dvi_A,T0615.fasta,30.435,46,29,2,349,391,6,51,0.22,24.3
5dvi_A,T0693.fasta,20.930,86,52,3,160,242,225,297,0.71,22.7
5dvi_A,T0674.fasta,23.438,64,43,2,152,211,208,269,2.1,21.2
5dvi_A,T0715.fasta,37.037,27,17,0,196,222,277,303,3.0,20.8
5dvi_A,T0620.fasta,35.000,20,13,0,393,412,188,207,3.3,20.8
5dvi_A,T0289.fasta,34.783,23,15,0,18,40,15,37,3.8,20.4
5dvi_A,T0319.fasta,28.070,57,34,2,270,326,53,102,8.2,19.2
5dvi_A,T0741.fasta,43.750,16,9,0,113,128,86,101,8.8,18.9
5dvi_A,T0671.fasta,24.324,37,14,1,134,156,318,354,9.3,19.2
5dvi_A,T0557.fasta,47.826,23,5,1,315,330,76,98,9.4,18.9
5dvi_A,T0574.fasta,31.250,32,22,0,174,205,41,72,9.5,18.9
5eg5_A,T0693.fasta,45.714,35,15,2,82,115,117,148,0.011,28.5
5eg5_A,T0704.fasta,27.068,133,58,7,69,197,11,108,0.057,25.8
5eg5_A,T0698.fasta,58.333,12,5,0,27,38,9,20,2.4,20.4
5eg5_A,T0694.fasta,47.059,17,9,0,226,242,225,241,4.5,20.0
5eg5_A,T0614.fasta,35.484,31,17,1,174,201,59,89,7.3,18.9
5eg5_A,T0404.fasta,28.125,32,23,0,39,70,35,66,7.3,18.9
5fs8_A,T0456.fasta,23.404,94,61,4,325,416,76,160,0.55,23.5
5fs8_A,T0698.fasta,31.429,35,24,0,235,269,58,92,2.5,20.8
5fs8_A,T0325.fasta,40.000,15,9,0,366,380,81,95,4.2,20.4
5fs8_A,T0671.fasta,66.667,12,4,0,199,210,299,310,4.5,20.8
5fs8_A,T0744.fasta,26.316,38,28,0,205,242,249,286,5.0,20.4
5fs8_A,T0427.fasta,40.000,20,12,0,446,465,213,232,5.4,20.4
5fs8_A,T0417.fasta,33.333,24,16,0,351,374,38,61,9.2,19.2
5gxe_A,T0640.fasta,43.333,30,17,0,151,180,4,33,0.052,25.8
5gxe_A,T0371.fasta,25.253,99,59,3,147,245,168,251,0.47,23.1
5gxe_A,T0693.fasta,45.833,24,11,1,253,274,167,190,2.0,20.8
5gxe_A,T0341.fasta,40.000,25,8,1,45,69,146,163,2.2,20.8
5gxe_A,T0341.fasta,29.213,89,47,3,157,241,148,224,8.5,18.9
5gxe_A,T0671.fasta,53.333,15,7,0,297,311,278,292,8.0,19.2
5gxe_A,T0536.fasta,85.714,7,1,0,184,190,61,67,8.5,18.5
5icq_A,T0693.fasta,33.333,45,27,1,363,404,59,103,1.6,22.3
5icq_A,T0693.fasta,36.667,30,15,1,15,44,282,307,4.8,20.8
5icq_A,T0744.fasta,34.091,44,23,2,546,585,241,282,2.3,21.9
5icq_A,T0310.fasta,27.778,36,26,0,290,325,354,389,3.7,21.2
5icq_A,T0417.fasta,28.358,67,44,3,496,559,15,80,4.8,20.4
5icq_A,T0704.fasta,39.286,28,16,1,370,396,199,226,8.5,20.0
5ipy_A,T0417.fasta,36.111,36,22,1,10,44,110,145,1.0,21.9
5ipy_A,T0420.fasta,39.286,28,17,0,360,387,71,98,1.2,21.9
5ipy_A,T0674.fasta,26.506,83,38,3,21,102,77,137,1.7,21.6
5ipy_A,T0371.fasta,28.333,60,38,2,172,226,17,76,2.2,21.2
5ipy_A,T0756.fasta,32.000,25,17,0,330,354,21,45,2.4,21.2
5ipy_A,T0732.fasta,23.077,52,29,1,105,145,176,227,3.5,20.8
5ipy_A,T0437.fasta,47.059,17,9,0,15,31,47,63,3.9,20.0
5ipy_A,T0574.fasta,40.741,27,16,0,285,311,56,82,4.6,19.6
5ipy_A,T0635.fasta,42.857,21,12,0,72,92,135,155,9.8,19.2
5jnm_A,T0376.fasta,44.000,25,14,0,283,307,281,305,1.0,22.3
5jnm_A,T0671.fasta,35.135,37,17,1,192,228,334,363,1.1,22.3
5jnm_A,T0671.fasta,37.778,45,25,1,336,380,172,213,3.8,20.4
5jnm_A,T0456.fasta,25.581,43,31,1,30,72,1,42,3.8,20.4
5jnm_A,T0614.fasta,36.000,50,23,2,324,373,68,108,6.3,19.2
5jnm_A,T0732.fasta,32.000,25,17,0,280,304,323,347,7.7,19.6
5jry_A,T0715.fasta,18.889,270,188,6,151,407,99,350,0.083,26.2
5jry_A,T0289.fasta,23.944,71,49,2,239,304,156,226,0.65,23.1
5jry_A,T0524.fasta,33.333,39,16,2,233,267,7,39,1.1,22.3
5jry_A,T0318.fasta,22.162,185,123,7,242,418,259,430,1.1,22.3
5jry_A,T0547.fasta,33.333,39,25,1,274,311,2,40,1.4,22.3
5jry_A,T0405.fasta,43.750,16,9,0,56,71,88,103,5.4,20.0
5jry_A,T0526.fasta,34.783,23,15,0,136,158,212,234,7.5,19.6
5jry_A,T0390.fasta,58.333,12,5,0,390,401,81,92,8.6,19.2
5jry_A,T0723.fasta,30.556,36,25,0,325,360,87,122,9.5,19.2
5k7f_A,T0454.fasta,28.571,49,35,0,21,69,6,54,6.95e-04,30.8
5k7f_A,T0413.fasta,28.889,45,28,1,95,139,73,113,1.1,21.2
5k7f_A,T0292.fasta,34.615,26,15,1,196,219,183,208,3.3,19.6
5k7f_A,T0332.fasta,28.302,53,30,2,122,174,108,152,4.7,18.9
5k7f_A,T0540.fasta,28.571,21,15,0,115,135,19,39,5.3,18.5
5k7f_A,T0347.fasta,28.767,73,37,4,86,158,48,105,9.9,18.1
5ljw_A,T0732.fasta,45.455,22,12,0,177,198,141,162,0.35,23.5
5ljw_A,T0354.fasta,31.429,70,34,3,245,308,2,63,0.49,22.3
5ljw_A,T0694.fasta,25.581,43,30,1,97,137,39,81,0.71,22.3
5ljw_A,T0318.fasta,26.389,72,47,3,203,272,63,130,1.4,21.6
5ljw_A,T0562.fasta,35.135,37,22,1,69,103,87,123,3.3,20.0
5ljw_A,T0347.fasta,40.000,20,12,0,311,330,119,138,4.3,20.0
5ljw_A,T0396.fasta,71.429,7,2,0,335,341,6,12,4.8,19.2
5ljw_A,T0639.fasta,53.846,13,6,0,310,322,37,49,8.7,18.9
5ljw_A,T0671.fasta,32.353,34,20,1,235,265,84,117,9.4,18.9
5m04_A,T0379.fasta,35.294,34,21,1,267,300,89,121,1.2,21.6
5m04_A,T0447.fasta,33.333,27,18,0,141,167,227,253,5.2,20.0
5m04_A,T0715.fasta,23.333,30,23,0,306,335,7,36,5.6,19.6
5m04_A,T0715.fasta,34.483,29,15,1,93,117,288,316,8.2,19.2
5m04_A,T0420.fasta,37.500,24,15,0,239,262,71,94,5.6,19.6
5m04_A,T0420.fasta,23.958,96,56,4,135,213,6,101,6.8,19.2
5m04_A,T0318.fasta,42.857,35,15,2,222,256,427,456,6.4,19.6
5m04_A,T0289.fasta,35.714,28,18,0,109,136,168,195,6.5,19.6
5u3a_A,T0620.fasta,26.829,82,48,2,131,212,121,190,1.7,21.9
5u3a_A,T0405.fasta,38.889,18,11,0,295,312,179,196,1.8,21.6
5u3a_A,T0744.fasta,63.636,11,4,0,123,133,210,220,3.0,21.2
5u3a_A,T0451.fasta,23.404,47,35,1,179,225,2,47,3.4,20.4
5u3a_A,T0547.fasta,24.324,74,51,2,211,282,225,295,3.6,20.8
5u3a_A,T0420.fasta,38.462,26,13,1,47,72,60,82,7.5,19.6
5u3a_A,T0732.fasta,21.277,47,34,1,387,430,58,104,8.3,19.6
5u3a_A,T0663.fasta,29.032,31,14,1,353,375,88,118,9.7,19.2
5v8s_A,T0292.fasta,24.528,53,26,1,278,316,187,239,1.3,21.9
5v8s_A,T0639.fasta,30.769,26,18,0,71,96,49,74,1.6,21.2
5v8s_A,T0325.fasta,40.000,20,12,0,342,361,43,62,2.3,21.2
5v8s_A,T0379.fasta,37.500,24,12,1,271,291,73,96,2.4,20.8
5v8s_A,T0671.fasta,21.168,137,87,5,106,235,200,322,2.7,20.8
5v8s_A,T0454.fasta,26.316,57,37,3,111,164,29,83,4.1,20.0
5v8s_A,T0338.fasta,33.333,39,26,0,349,387,201,239,4.8,20.0
5v8s_A,T0645.fasta,24.658,73,46,3,118,190,203,266,6.6,19.6
5v8s_A,T0661.fasta,70.000,10,3,0,66,75,173,182,7.7,19.2
5v8s_A,T0524.fasta,40.000,15,9,0,175,189,268,282,8.1,19.2
5v8s_A,T0427.fasta,50.000,16,8,0,282,297,102,117,8.6,19.2
5wjp_A,T0614.fasta,25.000,40,27,1,6,45,2,38,1.6,20.4
5wjp_A,T0663.fasta,31.250,32,22,0,92,123,10,41,1.7,20.4
5wjp_A,T0420.fasta,26.000,50,32,4,165,209,85,134,2.7,20.0
5wjp_A,T0309.fasta,28.000,50,30,2,148,191,10,59,3.2,18.9
5wjp_A,T0547.fasta,34.043,47,30,1,200,246,41,86,3.2,20.0
5wjp_A,T0732.fasta,26.786,56,34,2,54,108,21,70,5.4,19.2
5wjp_A,T0427.fasta,25.243,103,62,4,117,208,133,231,6.0,19.2
5wjp_A,T0354.fasta,28.302,53,30,2,147,197,18,64,9.7,18.1
5y9z_A,T0427.fasta,32.258,31,21,0,111,141,240,270,0.18,23.5
5y9z_A,T0573.fasta,40.000,20,12,0,82,101,39,58,0.29,22.7
5y9z_A,T0405.fasta,29.167,48,27,2,92,132,219,266,0.32,22.7
5y9z_A,T0447.fasta,29.167,24,17,0,91,114,183,206,0.78,21.6
5y9z_A,T0506.fasta,38.636,44,16,2,41,73,72,115,1.7,20.4
5y9z_A,T0506.fasta,34.694,49,28,2,37,83,114,160,6.2,18.5
5y9z_A,T0371.fasta,25.000,48,29,1,1,41,10,57,2.8,19.6
5y9z_A,T0547.fasta,25.882,85,54,3,59,141,503,580,3.5,19.6
5y9z_A,T0526.fasta,34.211,38,23,1,45,80,140,177,5.6,18.9
6d0a_A,T0341.fasta,39.286,28,17,0,215,242,43,70,0.64,22.7
6d0a_A,T0573.fasta,26.531,49,31,2,157,201,218,265,1.7,21.6
6d0a_A,T0347.fasta,23.333,60,30,2,234,278,123,181,4.9,20.0
6d0a_A,T0693.fasta,25.000,36,26,1,339,373,232,267,5.2,20.0
6d0a_A,T0678.fasta,25.490,51,38,0,64,114,103,153,5.5,19.6
6d0a_A,T0371.fasta,27.660,47,34,0,229,275,38,84,6.6,19.6
6d0a_A,T0538.fasta,32.609,46,16,2,183,228,3,33,7.6,18.1
6d0a_A,T0526.fasta,19.178,73,58,1,167,239,16,87,7.7,19.6
6fme_B,T0534.fasta,25.234,107,51,6,11,99,226,321,1.5,21.9
6fme_B,T0427.fasta,26.667,75,51,1,63,137,165,235,1.7,21.9
6fme_B,T0751.fasta,46.154,13,7,0,398,410,98,110,3.5,20.4
6fme_B,T0663.fasta,37.500,16,10,0,400,415,36,51,6.7,19.6
6fme_B,T0420.fasta,38.889,18,11,0,311,328,100,117,8.3,19.6
6fme_B,T0540.fasta,33.333,36,23,1,144,178,46,81,9.6,18.9
6g7n_A,T0671.fasta,50.000,14,7,0,92,105,352,365,2.5,20.8
6g7n_A,T0524.fasta,20.755,53,42,0,124,176,134,186,2.8,20.4
6g7n_A,T0693.fasta,46.154,13,7,0,190,202,124,136,7.2,19.2
6g7n_A,T0420.fasta,28.302,53,30,2,183,234,89,134,7.3,18.9
6hoa_A,T0371.fasta,33.333,27,18,0,181,207,147,173,1.4,20.8
6hoa_A,T0524.fasta,22.642,53,32,2,153,196,104,156,2.5,20.0
6hoa_A,T0640.fasta,34.783,46,26,2,88,133,84,125,4.0,19.2
6ri6_A,T0674.fasta,25.641,39,28,1,345,383,23,60,2.1,21.6
6ri6_A,T0732.fasta,30.769,39,24,2,425,462,199,235,2.9,21.2
6ri6_A,T0447.fasta,50.000,18,9,0,130,147,522,539,3.1,21.2
6ri6_A,T0671.fasta,28.090,89,46,6,317,390,117,202,4.6,20.4
6ri6_A,T0715.fasta,39.286,28,16,1,396,423,134,160,4.7,20.4
6ri6_A,T0318.fasta,25.490,51,36,1,393,441,60,110,6.6,20.0
