SF,TP,CL,len_CL,len_SF
3000038,1,1000002,1,498
3000313,1,1000002,1,437
3000066,1,1000003,2,407
3000034,1,1000003,1,395
3000118,1,1000002,1,335
3000954,1,1000002,1,331
3000135,1,1000001,1,320
3000071,1,1000001,1,313
3000554,1,1000000,1,297
3000120,1,1000001,1,294
3000031,1,1000002,1,281
3002022,1,1000002,1,275
3000001,1,1000000,1,253
3000102,1,1000002,1,239
3000110,1,1000003,1,231
3000070,1,1000001,1,225
3000083,1,1000002,1,224
3002019,1,1000002,1,213
3001604,1,1000003,1,202
3000068,1,1000004,1,192
3001983,1,1000000,1,186
3000153,1,1000001,1,184
3000445,1,1000002,1,184
3000157,1,1000003,1,182
3000403,1,1000003,1,181
3000033,1,1000002,1,180
3002021,1,1000003,1,179
3000114,1,1000001,1,171
3000092,1,1000002,1,167
3001808,1,1000003,1,159
3001658,1,1000000,1,158
3000918,1,1000001,1,158
3000134,1,1000001,1,156
3001061,1,1000000,1,154
3001332,1,1000001,1,152
3000043,1,1000002,1,149
3001156,1,1000002,1,148
3001059,1,1000001,1,145
3000143,1,1000002,1,141
3000131,1,1000003,1,134
3001890,1,1000002,1,131
3001261,1,1000003,1,131
3001528,1,1000001,1,131
3000149,1,1000003,1,131
3000334,1,1000001,1,129
3000309,1,1000004,1,128
3000472,1,1000003,1,127
3001541,1,1000002,1,126
3001387,1,1000000,1,126
3000087,1,1000001,1,121
3001825,1,1000001,1,121
3001342,1,1000001,1,121
3002049,1,1000001,1,116
3001975,1,1000003,1,116
3000116,1,1000000,1,115
3000388,1,1000001,1,115
3001479,1,1000002,1,115
3000428,1,1000002,1,110
3000100,1,1000003,1,110
3001057,1,1000003,1,109
3000815,1,1000000,1,108
3001077,1,1000004,1,107
3002063,1,1000001,1,106
3000089,1,1000003,1,105
3000886,1,1000001,1,104
3002018,1,1000002,1,103
3001320,1,1000004,1,99
3000122,1,1000002,1,99
3002020,1,1000002,1,98
3001345,1,1000000,1,97
3000216,1,1000002,1,97
3000086,1,1000000,1,97
3000039,1,1000002,1,96
3000304,1,1000002,1,95
3000970,1,1000000,1,91
3000571,1,1000002,1,88
3001397,1,1000002,1,85
3000570,1,1000003,1,84
3001268,1,1000002,1,84
3001272,1,1000003,1,83
3000626,1,1000002,1,82
3001879,1,1000003,1,81
3000077,1,1000002,1,81
3000419,1,1000001,1,80
3000154,1,1000003,2,79
3000125,1,1000002,1,79
3001607,1,1000001,1,79
3000060,1,1000002,1,78
3001690,1,1000000,1,76
3001427,1,1000002,1,75
3001442,1,1000000,1,75
3000738,1,1000003,1,75
3000739,1,1000003,1,74
3001615,1,1000000,1,73
3001586,1,1000002,1,73
3001405,1,1000002,1,73
3001375,1,1000002,1,72
3000288,1,1000002,1,72
3000210,1,1000003,1,72
3000197,1,1000003,1,71
3000433,1,1000001,1,71
3000044,1,1000002,1,70
3001217,1,1000002,1,68
3000255,1,1000004,1,68
3000168,1,1000001,1,68
3001235,1,1000000,1,67
3000160,1,1000004,1,67
3000412,1,1000004,1,67
3000053,1,1000000,1,66
3001010,1,1000002,1,65
3000545,1,1000004,1,64
3001947,1,1000003,1,64
3000521,1,1000003,1,64
3000098,1,1000003,1,63
3001572,1,1000000,1,63
3000662,1,1000002,1,63
3000576,1,1000003,1,62
3000622,1,1000003,1,62
3000965,1,1000001,1,62
3001739,1,1000003,1,61
3001848,1,1000001,2,60
3000510,1,1000002,1,60
3000693,1,1000002,1,60
3000069,1,1000000,1,59
3001790,1,1000002,1,59
3000035,1,1000001,1,59
3001015,1,1000001,1,59
3001843,1,1000000,1,58
3000055,1,1000002,1,58
3001045,1,1000002,1,58
3001733,1,1000003,1,57
3000811,1,1000001,1,57
3000091,1,1000003,1,56
3000104,1,1000002,1,56
3001593,1,1000002,1,56
3000856,1,1000001,1,56
3001067,1,1000003,1,56
3001717,1,1000000,1,55
3000020,1,1000003,1,55
3001122,1,1000002,1,55
3001694,1,1000001,1,54
3000190,1,1000002,1,54
3002024,1,1000001,1,54
3000723,1,1000001,1,53
3000161,1,1000003,2,53
3002036,1,1000002,1,52
3000305,1,1000000,1,52
3000058,1,1000003,1,52
3001336,1,1000003,1,51
3000709,1,1000003,1,51
3000119,1,1000000,2,51
3000129,1,1000003,1,51
3001175,1,1000003,1,51
3000799,1,1000000,1,49
3000846,1,1000004,1,48
3001709,1,1000003,1,48
3000404,1,1000001,1,48
3000264,1,1000000,1,48
3001955,1,1000003,1,47
3000113,1,1000003,1,47
3000845,1,1000001,1,47
3001255,1,1000002,1,47
3001554,1,1000003,1,47
3001165,1,1000003,1,46
3000123,1,1000003,1,46
3001563,1,1000003,1,46
3000884,1,1000003,1,45
3000226,1,1000002,1,45
3000931,1,1000001,1,45
3000137,1,1000001,1,45
3000014,1,1000002,1,45
3001284,1,1000000,1,45
3001179,1,1000000,1,44
3001473,1,1000003,1,44
3001805,1,1000000,1,44
3001728,1,1000002,1,44
3000479,1,1000000,1,43
3000943,1,1000000,1,43
3000260,1,1000002,1,42
3001804,1,1000001,1,42
3002736,1,1000001,1,42
3000046,1,1000002,1,42
3000048,1,1000002,1,42
3000321,1,1000003,1,41
3000050,1,1000002,1,41
3001966,1,1000003,1,41
3001721,1,1000003,1,41
3001459,1,1000004,1,40
3001229,1,1000003,1,40
3000643,1,1000002,1,40
3000560,1,1000002,1,40
3001378,1,1000003,1,40
3000434,1,1000001,1,40
3000159,1,1000002,1,39
3000441,1,1000003,1,39
3000844,1,1000000,1,38
3001390,1,1000003,1,38
3000430,1,1000003,1,38
3000678,1,1000001,1,38
3001746,1,1000001,1,38
3002059,1,1000001,1,38
3001679,1,1000002,1,37
3000320,1,1000002,1,36
3000061,1,1000001,1,36
3000002,1,1000001,1,36
3000458,1,1000002,1,36
3000894,1,1000003,1,36
3001310,1,1000002,1,36
3001146,1,1000002,1,36
3001838,1,1000002,1,36
3002451,1,1000000,1,35
3001880,1,1000001,1,35
3000471,1,1000003,1,35
3001770,1,1000003,1,34
3001078,1,1000003,1,34
3001242,1,1000001,1,34
3001957,1,1000001,1,33
3000957,1,1000003,1,33
3000006,1,1000003,1,33
3000758,1,1000001,1,33
3000176,1,1000001,1,33
3001138,1,1000001,1,33
3001672,1,1000001,1,33
3001621,1,1000001,1,33
3001134,1,1000002,1,32
3000084,1,1000001,1,32
3000164,1,1000000,1,32
3001105,1,1000002,1,32
3001376,1,1000001,1,31
3001905,1,1000002,1,31
3000094,1,1000003,1,31
3000781,1,1000002,1,31
3000605,1,1000004,1,31
3002100,1,1000003,1,31
3000233,1,1000001,1,31
3001257,1,1000004,1,31
3000080,1,1000003,1,31
3001918,1,1000003,1,31
3000939,1,1000001,1,31
3000913,1,1000003,1,30
3000628,1,1000004,1,30
3001208,1,1000003,1,30
3000902,1,1000004,1,30
3002067,1,1000001,1,30
3000283,1,1000003,1,30
3001368,1,1000000,1,30
3000163,1,1000000,1,30
3001164,1,1000003,1,30
3000780,1,1000003,1,30
3000040,1,1000002,1,29
3000909,1,1000003,1,29
3001050,1,1000000,1,29
3000640,1,1000003,1,29
3000223,1,1000003,1,29
3001974,1,1000000,1,29
3001836,1,1000003,1,29
3000816,1,1000001,1,29
3000158,1,1000003,1,29
3000648,1,1000001,1,29
3000290,1,1000002,1,29
3000680,1,1000003,1,29
3001353,1,1000002,1,28
3000706,1,1000001,1,28
3000715,1,1000001,1,28
3000790,1,1000003,1,28
3001778,1,1000002,1,28
3000476,1,1000002,1,28
3001064,1,1000003,1,28
3000589,1,1000001,1,28
3001023,1,1000003,1,28
3001706,1,1000003,2,27
3000481,1,1000001,1,27
3001812,1,1000001,1,27
3000563,1,1000000,1,27
3000686,1,1000003,1,27
3000713,1,1000000,1,27
3000468,1,1000002,1,27
3000832,1,1000002,1,27
3000295,1,1000000,1,26
3001530,1,1000003,1,26
3000539,1,1000001,1,26
3000985,1,1000003,1,26
3000401,1,1000000,1,26
3000272,1,1000002,1,26
3001025,1,1000002,1,26
3001831,1,1000003,1,26
3001159,1,1000003,1,25
3001650,1,1000003,1,25
3001315,1,1000002,1,25
3001238,1,1000004,1,25
3000555,1,1000003,1,25
3001346,1,1000004,1,25
3000097,1,1000003,1,25
3000544,1,1000003,1,25
3000768,1,1000000,1,25
3002047,1,1000001,1,24
3001106,1,1000002,1,24
3001034,1,1000001,1,24
3000702,1,1000002,1,24
3001132,1,1000001,1,24
3000995,1,1000003,1,24
3000721,1,1000000,1,24
3001676,1,1000000,1,24
3000325,1,1000001,1,24
3002166,1,1000003,1,24
3000126,1,1000003,1,24
3000465,1,1000002,1,24
3000621,1,1000003,1,24
3001680,1,1000002,1,24
3000627,1,1000000,1,23
3002098,1,1000001,1,23
3001323,1,1000003,1,23
3000330,1,1000003,1,23
3000573,1,1000003,1,23
3000145,1,1000000,1,23
3001006,1,1000003,1,23
3000727,1,1000003,1,23
3001163,1,1000000,1,23
3000436,1,1000003,1,23
3001452,1,1000004,1,23
3000452,1,1000003,1,22
3001396,1,1000002,1,22
3001622,1,1000003,1,22
3001041,1,1000002,1,22
3000953,1,1000000,1,22
3001113,1,1000003,1,22
3001564,1,1000002,1,22
3001461,1,1000002,1,22
3000666,1,1000003,1,22
3001994,1,1000001,1,22
3001819,1,1000000,1,22
3000585,1,1000002,1,22
3001446,1,1000003,1,22
3000835,1,1000000,1,22
3000165,1,1000003,1,22
3000482,1,1000002,1,21
3000480,1,1000001,1,21
3000426,1,1000000,1,21
3000681,1,1000004,1,21
3001911,1,1000003,1,21
3000028,1,1000003,1,21
3001741,1,1000004,1,21
3001849,1,1000003,1,21
3001893,1,1000003,1,21
3000761,1,1000004,1,21
3001359,1,1000004,1,21
3000971,1,1000004,1,21
3001730,1,1000001,1,20
3000676,1,1000003,1,20
3001329,1,1000000,1,20
3001326,1,1000003,1,20
3001950,1,1000000,1,20
3001941,1,1000003,1,20
3000684,1,1000000,1,20
3001625,1,1000002,1,20
3000497,1,1000002,1,20
3002305,1,1000003,1,19
3000615,1,1000002,1,19
3000267,1,1000001,1,19
3000916,1,1000003,1,19
3000318,1,1000003,1,19
3002401,1,1000000,1,19
3001161,1,1000001,1,19
3000099,1,1000001,1,19
3000451,1,1000002,1,19
3000132,1,1000000,1,19
3002005,1,1000001,1,19
3001065,1,1000002,1,19
3000794,1,1000000,1,19
3000073,1,1000003,1,19
3002099,1,1000001,1,19
3002081,1,1000003,1,19
3001496,1,1000003,1,19
3000408,1,1000003,1,19
3000926,1,1000003,1,18
3002319,1,1000003,1,18
3000802,1,1000003,1,18
3000798,1,1000003,1,18
3000376,1,1000003,1,18
3001715,1,1000001,1,18
3001426,1,1000003,1,18
3000447,1,1000003,1,18
3000528,1,1000000,1,18
3000059,1,1000000,1,18
3001086,1,1000003,1,18
3000979,1,1000004,1,18
3001069,1,1000002,1,18
3000162,1,1000001,1,18
3000594,1,1000002,1,18
3001550,1,1000004,1,18
3001395,1,1000003,1,18
3001810,1,1000003,1,18
3000072,1,1000003,1,17
3000133,1,1000004,1,17
3002291,1,1000002,1,17
3000030,1,1000002,1,17
3001451,1,1000001,1,17
3001251,1,1000002,1,17
3001240,1,1000002,1,17
3001380,1,1000002,1,17
3000821,1,1000003,1,17
3002054,1,1000001,1,17
3000705,1,1000003,1,16
3000263,1,1000002,1,16
3001937,1,1000003,1,16
3000941,1,1000000,1,16
3000268,1,1000001,1,16
3001634,1,1000000,1,16
3001287,1,1000003,1,16
3000882,1,1000001,1,16
3001408,1,1000003,1,16
3000424,1,1000002,1,16
3000868,1,1000001,1,16
3001655,1,1000003,1,16
3000923,1,1000004,1,16
3002210,1,1000002,1,16
3000195,1,1000004,1,16
3000647,1,1000002,1,16
3001121,1,1000002,1,16
3001453,1,1000002,1,16
3001580,1,1000000,1,16
3001802,1,1000003,1,16
3000982,1,1000002,1,15
3000266,1,1000003,1,15
3001024,1,1000000,1,15
3002702,1,1000001,1,15
3001085,1,1000002,1,15
3001219,1,1000000,1,15
3000398,1,1000004,1,15
3001124,1,1000001,1,15
3000793,1,1000000,1,15
3001526,1,1000000,1,15
3000948,1,1000003,1,15
3000672,1,1000002,1,15
3000346,1,1000003,1,15
3002206,1,1000003,1,15
3000664,1,1000003,1,15
3001305,1,1000003,1,15
3000273,1,1000002,1,15
3000383,1,1000002,1,15
3001060,1,1000002,1,15
3001938,1,1000003,1,15
3000951,1,1000003,1,15
3001227,1,1000000,1,15
3000166,1,1000002,1,14
3001224,1,1000003,1,14
3001775,1,1000002,1,14
3001871,1,1000003,1,14
3000741,1,1000003,1,14
3001360,1,1000003,1,14
3001750,1,1000001,1,14
3001174,1,1000000,1,14
3000691,1,1000000,1,14
3000905,1,1000000,1,14
3001127,1,1000003,1,14
3001269,1,1000001,1,14
3001834,1,1000000,1,14
3001701,1,1000003,1,14
3001727,1,1000001,1,14
3002158,1,1000003,1,14
3001964,1,1000001,1,14
3000507,1,1000003,1,14
3002156,1,1000004,1,14
3000352,1,1000001,1,14
3002615,1,1000001,1,14
3001922,1,1000000,1,14
3001902,1,1000002,1,14
3000017,1,1000002,1,14
3000513,1,1000003,1,14
3002388,1,1000003,1,14
3000156,1,1000000,1,13
3001404,1,1000004,1,13
3000580,1,1000001,1,13
3001330,1,1000001,1,13
3001373,1,1000000,1,13
3001383,1,1000000,1,13
3002255,1,1000000,1,13
3002164,1,1000003,1,13
3001354,1,1000000,1,13
3000601,1,1000000,1,13
3002162,1,1000000,1,13
3000809,1,1000003,1,13
3002154,1,1000001,1,13
3001498,1,1000003,1,13
3002071,1,1000001,1,13
3002065,1,1000001,1,13
3000737,1,1000002,1,13
3001645,1,1000000,1,13
3001670,1,1000002,1,13
3000049,1,1000002,1,13
3000463,1,1000004,1,13
3001962,1,1000000,1,13
3001291,1,1000002,1,13
3000646,1,1000003,1,13
3001005,1,1000000,1,13
3002606,1,1000000,1,13
3002449,1,1000003,1,13
3002678,1,1000001,1,13
3001193,1,1000004,1,13
3001907,1,1000000,1,13
3000243,1,1000000,1,13
3001847,1,1000003,1,13
3001168,1,1000001,1,13
3000963,1,1000002,1,13
3001894,1,1000000,1,13
3002616,1,1000001,1,13
3001258,1,1000003,1,12
3002440,1,1000000,1,12
3001096,1,1000002,1,12
3000142,1,1000001,1,12
3000745,1,1000000,1,12
3001511,1,1000000,1,12
3001027,1,1000001,1,12
3002104,1,1000000,1,12
3001093,1,1000003,1,12
3000366,1,1000000,1,12
3000189,1,1000000,1,12
3000990,1,1000002,1,12
3001465,1,1000001,1,12
3001936,1,1000001,1,12
3000552,1,1000002,1,12
3001392,1,1000002,1,12
3000025,1,1000003,1,12
3000148,1,1000003,1,12
3000934,1,1000003,1,12
3001273,1,1000003,1,12
3002282,1,1000001,1,12
3000904,1,1000000,1,12
3000562,1,1000000,1,12
3001910,1,1000001,1,12
3000657,1,1000002,1,12
3000724,1,1000003,1,12
3000259,1,1000003,1,12
3000337,1,1000002,1,12
3000495,1,1000003,1,12
3001926,1,1000003,1,12
3000728,1,1000004,1,11
3002052,1,1000001,1,11
3002048,1,1000001,1,11
3000669,1,1000000,1,11
3001054,1,1000000,1,11
3002709,1,1000001,1,11
3000448,1,1000001,1,11
3001245,1,1000003,1,11
3000192,1,1000003,1,11
3000788,1,1000003,1,11
3002117,1,1000001,1,11
3002562,1,1000001,1,11
3001155,1,1000003,1,11
3002161,1,1000000,1,11
3000362,1,1000001,1,11
3002411,1,1000001,1,11
3000862,1,1000001,1,11
3000338,1,1000003,1,11
3002222,1,1000003,1,11
3001213,1,1000000,1,11
3001331,1,1000002,1,11
3000912,1,1000003,1,11
3001443,1,1000002,1,11
3001377,1,1000003,1,11
3000498,1,1000001,1,11
3000637,1,1000001,1,11
3001951,1,1000000,1,11
3001851,1,1000003,1,11
3001823,1,1000004,1,11
3000527,1,1000002,1,10
3000947,1,1000002,1,10
3001524,1,1000003,1,10
3001525,1,1000003,1,10
3001529,1,1000003,1,10
3000743,1,1000004,1,10
3000396,1,1000003,1,10
3000399,1,1000003,1,10
3001274,1,1000000,1,10
3000475,1,1000002,1,10
3001856,1,1000003,1,10
3002424,1,1000001,1,10
3001158,1,1000003,1,10
3002566,1,1000003,1,10
3000112,1,1000002,1,10
3001279,1,1000000,1,10
3002026,1,1000001,1,10
3001418,1,1000003,1,10
3001363,1,1000003,1,10
3002184,1,1000001,1,10
3000848,1,1000001,1,10
3000351,1,1000001,1,10
3001821,1,1000001,1,10
3000890,1,1000000,1,10
3000814,1,1000004,1,10
3001458,1,1000003,1,10
3001786,1,1000000,1,10
3002258,1,1000003,1,10
3002155,1,1000001,1,10
3001892,1,1000003,1,10
3002130,1,1000000,1,10
3000183,1,1000003,1,10
3002044,1,1000001,1,10
3001366,1,1000003,1,10
3001033,1,1000003,1,10
3000632,1,1000003,1,10
3001043,1,1000003,1,10
3000522,1,1000002,1,10
3001075,1,1000002,1,10
3002691,1,1000004,1,10
3001681,1,1000001,1,10
3000538,1,1000002,1,10
3000655,1,1000002,1,10
3000215,1,1000004,1,10
3000219,1,1000001,1,10
3000456,1,1000001,1,10
3000051,1,1000002,1,10
3000455,1,1000003,1,10
3000003,1,1000002,1,9
3001758,1,1000002,1,9
3002177,1,1000000,1,9
3000379,1,1000001,1,9
3000774,1,1000003,1,9
3002334,1,1000002,1,9
3002281,1,1000001,1,9
3002594,1,1000001,1,9
3000665,1,1000003,1,9
3001532,1,1000002,1,9
3002279,1,1000003,1,9
3001319,1,1000001,1,9
3001412,1,1000001,1,9
3001081,1,1000002,1,9
3000054,1,1000002,1,9
3000299,1,1000001,1,9
3001883,1,1000001,1,9
3002037,1,1000004,1,9
3001868,1,1000004,1,9
3000766,1,1000003,1,9
3001499,1,1000003,1,9
3001760,1,1000000,1,9
3002294,1,1000000,1,9
3001262,1,1000003,1,9
3000895,1,1000003,1,9
3000625,1,1000003,1,9
3000228,1,1000004,1,9
3000603,1,1000002,1,9
3000847,1,1000003,1,9
3002538,1,1000004,1,9
3000213,1,1000001,1,9
3001044,1,1000001,1,9
3001296,1,1000001,1,9
3001391,1,1000001,1,9
3001028,1,1000004,1,9
3001160,1,1000003,1,9
3000867,1,1000003,1,9
3002108,1,1000000,1,9
3001619,1,1000000,1,9
3000390,1,1000001,1,9
3000354,1,1000001,1,9
3001194,1,1000003,1,9
3001110,1,1000000,1,9
3001393,1,1000000,1,9
3000423,1,1000003,1,9
3000489,1,1000004,1,9
3001230,1,1000003,1,9
3000121,1,1000001,1,9
3001407,1,1000003,1,9
3001788,1,1000002,1,9
3001732,1,1000003,1,9
3001299,1,1000000,1,8
3000307,1,1000004,1,8
3000502,1,1000001,1,8
3000041,1,1000002,1,8
3000336,1,1000003,1,8
3000903,1,1000002,1,8
3001431,1,1000003,1,8
3000878,1,1000002,1,8
3001927,1,1000001,1,8
3001389,1,1000003,1,8
3000353,1,1000003,1,8
3001935,1,1000003,1,8
3000579,1,1000003,1,8
3000490,1,1000003,1,8
3001410,1,1000000,1,8
3000488,1,1000001,1,8
3000607,1,1000002,1,8
3001062,1,1000004,1,8
3000896,1,1000002,1,8
3000608,1,1000003,1,8
3001317,1,1000003,1,8
3002272,1,1000001,1,8
3001026,1,1000000,1,8
3001527,1,1000001,1,8
3000726,1,1000000,1,8
3002540,1,1000003,1,8
3001260,1,1000002,1,8
3000537,1,1000000,1,8
3002301,1,1000000,1,8
3001839,1,1000000,1,8
3002541,1,1000001,1,8
3000734,1,1000002,1,8
3002046,1,1000001,1,8
3000442,1,1000002,1,8
3001457,1,1000003,1,8
3002387,1,1000003,1,8
3001862,1,1000003,1,8
3000512,1,1000003,1,8
3000679,1,1000000,1,8
3001214,1,1000001,1,8
3001606,1,1000003,1,8
3001668,1,1000003,1,8
3001759,1,1000003,1,8
3001510,1,1000004,1,8
3000300,1,1000002,1,8
3001263,1,1000000,1,8
3001656,1,1000002,1,8
3000696,1,1000003,1,8
3002292,1,1000003,1,8
3000683,1,1000002,1,8
3000504,1,1000001,1,8
3001866,1,1000001,1,8
3001939,1,1000000,1,8
3001472,1,1000003,1,8
3002535,1,1000001,1,7
3000864,1,1000003,1,7
3001003,1,1000000,1,7
3000180,1,1000001,1,7
3001889,1,1000004,1,7
3002221,1,1000001,1,7
3000335,1,1000003,1,7
3001115,1,1000001,1,7
3002573,1,1000001,1,7
3000874,1,1000003,1,7
3001183,1,1000000,1,7
3001290,1,1000002,1,7
3000103,1,1000001,1,7
3001052,1,1000003,1,7
3001295,1,1000001,1,7
3000200,1,1000000,1,7
3000107,1,1000002,1,7
3001308,1,1000000,1,7
3002276,1,1000000,1,7
3001917,1,1000001,1,7
3000936,1,1000003,1,7
3002708,1,1000000,1,7
3000863,1,1000003,1,7
3001087,1,1000003,1,7
3001097,1,1000000,1,7
3000287,1,1000000,1,7
3000285,1,1000001,1,7
3001239,1,1000003,1,7
3000207,1,1000002,1,7
3002353,1,1000003,1,7
3001840,1,1000003,1,7
3000893,1,1000000,1,7
3002223,1,1000000,1,7
3000930,1,1000000,1,7
3001814,1,1000000,1,7
3002045,1,1000001,1,7
3000024,1,1000001,1,7
3000827,1,1000003,1,7
3002023,1,1000000,1,7
3000759,1,1000003,1,7
3000810,1,1000001,1,7
3000609,1,1000002,1,7
3001651,1,1000000,1,7
3001648,1,1000002,1,7
3000081,1,1000000,1,7
3000611,1,1000004,1,7
3002151,1,1000000,1,7
3001639,1,1000003,1,7
3001493,1,1000001,1,7
3000796,1,1000001,1,7
3001945,1,1000003,1,7
3000416,1,1000001,1,7
3000415,1,1000004,1,7
3002106,1,1000001,1,7
3000791,1,1000002,1,7
3002122,1,1000000,1,7
3002050,1,1000001,1,7
3002112,1,1000001,1,7
3000464,1,1000003,1,7
3001455,1,1000001,1,7
3002001,1,1000001,1,7
3001754,1,1000003,1,7
3001566,1,1000001,1,7
3000849,1,1000004,1,7
3001989,1,1000001,1,7
3002167,1,1000000,1,7
3002168,1,1000001,1,7
3002176,1,1000000,1,7
3000439,1,1000000,1,7
3001979,1,1000001,1,7
3001568,1,1000000,1,7
3000067,1,1000001,1,7
3000355,1,1000001,1,7
3000649,1,1000000,1,7
3001852,1,1000000,1,6
3000988,1,1000004,1,6
3001186,1,1000000,1,6
3000984,1,1000003,1,6
3000958,1,1000003,1,6
3000128,1,1000000,1,6
3001205,1,1000000,1,6
3001201,1,1000001,1,6
3001587,1,1000000,1,6
3000265,1,1000003,1,6
3001842,1,1000002,1,6
3001203,1,1000000,1,6
3002055,1,1000001,1,6
3001908,1,1000001,1,6
3000146,1,1000002,1,6
3000976,1,1000003,1,6
3000550,1,1000000,1,6
3002403,1,1000000,1,6
3001204,1,1000003,1,6
3001815,1,1000001,1,6
3002439,1,1000003,1,6
3000996,1,1000000,1,6
3001722,1,1000003,1,6
3001961,1,1000000,1,6
3001731,1,1000000,1,6
3000535,1,1000003,1,6
3000663,1,1000002,1,6
3000443,1,1000001,1,6
3001898,1,1000000,1,6
3002011,1,1000001,1,6
3002017,1,1000001,1,6
3001101,1,1000002,1,6
3001104,1,1000004,1,6
3002676,1,1000000,1,6
3001671,1,1000001,1,6
3000015,1,1000001,1,6
3001662,1,1000000,1,6
3002027,1,1000004,1,6
3002569,1,1000003,1,6
3002546,1,1000000,1,6
3001635,1,1000001,1,6
3000474,1,1000003,1,6
3001865,1,1000001,1,6
3001630,1,1000002,1,6
3000708,1,1000002,1,6
3002452,1,1000000,1,6
3000414,1,1000000,1,6
3000998,1,1000001,1,6
3000549,1,1000002,1,6
3000276,1,1000001,1,6
3000140,1,1000000,1,6
3001476,1,1000001,1,6
3001294,1,1000003,1,6
3000042,1,1000002,1,6
3000324,1,1000002,1,6
3001462,1,1000001,1,6
3000583,1,1000002,1,6
3000581,1,1000000,1,6
3002287,1,1000000,1,6
3002165,1,1000001,1,6
3000486,1,1000004,1,6
3001829,1,1000003,1,6
3000917,1,1000004,1,6
3000328,1,1000001,1,6
3001301,1,1000003,1,6
3000308,1,1000002,1,6
3001920,1,1000002,1,6
3001413,1,1000003,1,6
3000812,1,1000000,1,6
3002057,1,1000001,1,6
3002251,1,1000001,1,6
3000907,1,1000003,1,6
3000806,1,1000000,1,6
3001339,1,1000003,1,6
3001435,1,1000001,1,6
3001940,1,1000002,1,6
3001552,1,1000000,1,6
3000074,1,1000001,1,6
3000348,1,1000000,1,6
3001921,1,1000003,1,6
3002349,1,1000000,1,6
3001513,1,1000000,1,6
3000586,1,1000002,1,6
3001357,1,1000000,1,6
3001381,1,1000000,1,5
3002196,1,1000001,1,5
3001723,1,1000003,1,5
3001421,1,1000003,1,5
3000026,1,1000000,1,5
3001726,1,1000001,1,5
3001742,1,1000003,1,5
3002590,1,1000003,1,5
3001644,1,1000002,1,5
3002726,1,1000001,1,5
3000212,1,1000002,1,5
3001976,1,1000000,1,5
3002243,1,1000003,1,5
3000021,1,1000000,1,5
3000096,1,1000003,1,5
3002234,1,1000001,1,5
3001874,1,1000000,1,5
3001402,1,1000000,1,5
3001696,1,1000001,1,5
3001688,1,1000003,1,5
3001123,1,1000000,1,5
3001347,1,1000003,1,5
3002220,1,1000000,1,5
3002355,1,1000000,1,5
3001633,1,1000000,1,5
3001126,1,1000003,1,5
3001914,1,1000000,1,5
3002410,1,1000003,1,5
3001489,1,1000000,1,5
3001197,1,1000000,1,5
3002405,1,1000001,1,5
3001766,1,1000003,1,5
3001763,1,1000000,1,5
3002069,1,1000001,1,5
3001613,1,1000000,1,5
3002145,1,1000000,1,5
3001542,1,1000003,1,5
3002330,1,1000000,1,5
3000065,1,1000002,1,5
3002392,1,1000000,1,5
3002060,1,1000001,1,5
3002198,1,1000000,1,5
3002058,1,1000001,1,5
3001484,1,1000003,1,5
3000108,1,1000003,1,5
3001853,1,1000003,1,5
3000078,1,1000000,1,5
3001131,1,1000000,1,5
3001903,1,1000003,1,5
3001306,1,1000000,1,5
3002136,1,1000003,1,5
3001147,1,1000003,1,5
3001632,1,1000000,1,5
3002127,1,1000000,1,5
3002123,1,1000000,1,5
3001297,1,1000003,1,5
3001861,1,1000004,1,5
3002114,1,1000002,1,5
3001745,1,1000000,1,5
3002419,1,1000001,1,5
3002107,1,1000000,1,5
3000062,1,1000003,1,5
3002356,1,1000003,1,5
3001285,1,1000000,1,5
3000610,1,1000000,1,5
3000572,1,1000001,1,5
3000800,1,1000001,1,5
3000311,1,1000003,1,5
3000889,1,1000003,1,5
3000944,1,1000004,1,5
3000659,1,1000001,1,5
3000732,1,1000003,1,5
3000520,1,1000004,1,5
3000731,1,1000001,1,5
3000181,1,1000001,1,5
3000587,1,1000002,1,5
3000950,1,1000003,1,5
3000612,1,1000003,1,5
3000312,1,1000002,1,5
3001036,1,1000002,1,5
3000453,1,1000000,1,5
3000531,1,1000002,1,5
3000395,1,1000000,1,5
3000394,1,1000003,1,5
3000945,1,1000003,1,5
3000908,1,1000003,1,5
3000674,1,1000003,1,5
3000725,1,1000003,1,5
3000534,1,1000004,1,5
3000630,1,1000003,1,5
3000411,1,1000001,1,5
3000641,1,1000003,1,5
3000642,1,1000001,1,5
3000558,1,1000001,1,5
3000645,1,1000002,1,5
3000773,1,1000000,1,5
3000981,1,1000003,1,5
3000421,1,1000003,1,5
3000777,1,1000003,1,5
3000866,1,1000000,1,5
3000807,1,1000000,1,5
3000751,1,1000003,1,5
3000635,1,1000002,1,5
3000928,1,1000003,1,5
3000274,1,1000003,1,5
3000186,1,1000003,1,4
3002000,1,1000001,1,4
3001495,1,1000003,1,4
3000429,1,1000003,1,4
3002015,1,1000001,1,4
3001991,1,1000000,1,4
3000938,1,1000000,1,4
3000437,1,1000002,1,4
3000150,1,1000003,1,4
3000019,1,1000003,1,4
3001058,1,1000002,1,4
3000446,1,1000003,1,4
3000756,1,1000003,1,4
3000493,1,1000004,1,4
3001928,1,1000003,1,4
3002415,1,1000000,1,4
3001933,1,1000001,1,4
3002408,1,1000001,1,4
3002404,1,1000001,1,4
3000491,1,1000002,1,4
3000371,1,1000003,1,4
3000147,1,1000003,1,4
3001516,1,1000002,1,4
3001514,1,1000003,1,4
3000467,1,1000000,1,4
3000960,1,1000002,1,4
3001497,1,1000000,1,4
3000959,1,1000000,1,4
3001971,1,1000002,1,4
3000956,1,1000001,1,4
3002371,1,1000003,1,4
3001237,1,1000003,1,4
3000955,1,1000002,1,4
3002370,1,1000003,1,4
3001270,1,1000003,1,4
3001504,1,1000003,1,4
3001244,1,1000000,1,4
3001500,1,1000003,1,4
3002360,1,1000000,1,4
3000427,1,1000000,1,4
3000406,1,1000004,1,4
3001468,1,1000000,1,4
3002185,1,1000000,1,4
3000386,1,1000003,1,4
3000382,1,1000003,1,4
3000322,1,1000003,1,4
3002110,1,1000000,1,4
3000885,1,1000001,1,4
3002215,1,1000001,1,4
3002119,1,1000000,1,4
3002208,1,1000003,1,4
3000339,1,1000001,1,4
3000831,1,1000003,1,4
3000833,1,1000001,1,4
3002121,1,1000000,1,4
3000319,1,1000001,1,4
3001386,1,1000000,1,4
3000873,1,1000002,1,4
3001355,1,1000000,1,4
3002170,1,1000000,1,4
3002134,1,1000000,1,4
3000851,1,1000002,1,4
3000359,1,1000003,1,4
3001379,1,1000003,1,4
3002139,1,1000003,1,4
3000365,1,1000001,1,4
3000369,1,1000001,1,4
3001414,1,1000002,1,4
3000387,1,1000000,1,4
3000933,1,1000002,1,4
3002277,1,1000001,1,4
3002031,1,1000000,1,4
3000776,1,1000000,1,4
3002041,1,1000003,1,4
3001281,1,1000001,1,4
3002300,1,1000003,1,4
3001286,1,1000000,1,4
3002441,1,1000001,1,4
3002056,1,1000001,1,4
3000201,1,1000001,1,4
3002062,1,1000001,1,4
3001441,1,1000003,1,4
3000152,1,1000003,1,4
3001318,1,1000003,1,4
3002064,1,1000001,1,4
3002263,1,1000000,1,4
3002087,1,1000001,1,4
3002254,1,1000002,1,4
3002252,1,1000000,1,4
3002089,1,1000001,1,4
3001312,1,1000000,1,4
3002249,1,1000003,1,4
3002248,1,1000000,1,4
3001316,1,1000000,1,4
3002247,1,1000003,1,4
3000494,1,1000001,1,4
3001371,1,1000003,1,4
3001795,1,1000000,1,4
3001083,1,1000000,1,4
3000991,1,1000004,1,4
3000668,1,1000000,1,4
3000175,1,1000001,1,4
3001682,1,1000000,1,4
3002487,1,1000003,1,4
3001571,1,1000003,1,4
3001048,1,1000003,1,4
3001744,1,1000003,1,4
3002629,1,1000003,1,4
3000997,1,1000000,1,4
3001896,1,1000003,1,4
3001711,1,1000003,1,4
3001774,1,1000000,1,4
3001887,1,1000000,1,4
3002477,1,1000001,1,4
3001084,1,1000002,1,4
3001594,1,1000000,1,4
3000567,1,1000000,1,4
3001881,1,1000000,1,4
3002555,1,1000001,1,4
3001013,1,1000000,1,4
3001875,1,1000000,1,4
3001872,1,1000001,1,4
3000174,1,1000001,1,4
3001704,1,1000001,1,4
3001864,1,1000000,1,4
3002539,1,1000003,1,4
3000547,1,1000004,1,4
3001641,1,1000001,1,4
3000524,1,1000000,1,4
3000670,1,1000003,1,4
3001724,1,1000003,1,4
3002445,1,1000000,1,4
3001923,1,1000001,1,4
3000675,1,1000001,1,4
3000139,1,1000000,1,4
3000687,1,1000003,1,4
3001544,1,1000000,1,4
3002712,1,1000001,1,4
3002453,1,1000002,1,4
3002454,1,1000001,1,4
3001811,1,1000001,1,4
3001725,1,1000001,1,4
3002572,1,1000001,1,4
3000138,1,1000001,1,4
3001068,1,1000000,1,4
3000503,1,1000003,1,4
3002707,1,1000003,1,4
3000593,1,1000003,1,4
3001737,1,1000001,1,4
3002695,1,1000003,1,4
3000127,1,1000000,1,4
3001021,1,1000001,1,4
3001555,1,1000003,1,4
3001913,1,1000003,1,4
3001032,1,1000002,1,4
3000987,1,1000003,1,4
3001184,1,1000002,1,4
3002548,1,1000003,1,4
3002095,1,1000003,1,3
3000673,1,1000003,1,3
3000614,1,1000002,1,3
3002102,1,1000003,1,3
3002103,1,1000001,1,3
3001789,1,1000003,1,3
3001773,1,1000000,1,3
3000194,1,1000001,1,3
3002096,1,1000003,1,3
3001761,1,1000000,1,3
3000620,1,1000000,1,3
3000075,1,1000002,1,3
3000385,1,1000004,1,3
3000654,1,1000003,1,3
3000855,1,1000003,1,3
3002142,1,1000001,1,3
3000638,1,1000001,1,3
3002141,1,1000001,1,3
3002137,1,1000000,1,3
3001734,1,1000000,1,3
3001736,1,1000000,1,3
3002129,1,1000000,1,3
3000634,1,1000003,1,3
3002126,1,1000003,1,3
3002125,1,1000001,1,3
3002124,1,1000000,1,3
3002120,1,1000001,1,3
3000623,1,1000001,1,3
3001712,1,1000003,1,3
3000830,1,1000003,1,3
3001398,1,1000003,1,3
3001664,1,1000001,1,3
3001707,1,1000001,1,3
3001401,1,1000000,1,3
3000658,1,1000000,1,3
3002116,1,1000001,1,3
3002115,1,1000001,1,3
3000082,1,1000002,1,3
3000825,1,1000000,1,3
3001753,1,1000001,1,3
3001399,1,1000003,1,3
3002053,1,1000001,1,3
3001433,1,1000003,1,3
3001952,1,1000002,1,3
3000722,1,1000000,1,3
3000530,1,1000004,1,3
3001578,1,1000000,1,3
3000760,1,1000003,1,3
3000449,1,1000004,1,3
3001900,1,1000000,1,3
3000729,1,1000003,1,3
3001501,1,1000003,1,3
3001569,1,1000001,1,3
3000519,1,1000000,1,3
3000516,1,1000003,1,3
3000515,1,1000003,1,3
3001953,1,1000000,1,3
3001508,1,1000001,1,3
3001556,1,1000000,1,3
3002074,1,1000000,1,3
3000466,1,1000003,1,3
3000182,1,1000001,1,3
3001949,1,1000001,1,3
3001944,1,1000004,1,3
3000169,1,1000000,1,3
3000509,1,1000002,1,3
3000167,1,1000003,1,3
3000076,1,1000000,1,3
3000501,1,1000004,1,3
3001930,1,1000002,1,3
3000742,1,1000001,1,3
3001533,1,1000004,1,3
3001535,1,1000000,1,3
3000500,1,1000003,1,3
3001996,1,1000000,1,3
3001997,1,1000000,1,3
3001999,1,1000001,1,3
3001884,1,1000003,1,3
3002068,1,1000001,1,3
3000599,1,1000002,1,3
3000689,1,1000002,1,3
3001649,1,1000000,1,3
3000584,1,1000002,1,3
3001826,1,1000002,1,3
3001827,1,1000000,1,3
3000699,1,1000003,1,3
3001835,1,1000003,1,3
3001449,1,1000003,1,3
3001540,1,1000003,1,3
3000703,1,1000000,1,3
3002051,1,1000001,1,3
3000707,1,1000004,1,3
3002043,1,1000001,1,3
3000782,1,1000000,1,3
3001841,1,1000000,1,3
3002040,1,1000004,1,3
3000564,1,1000000,1,3
3001623,1,1000003,1,3
3001844,1,1000002,1,3
3001859,1,1000003,1,3
3000063,1,1000000,1,3
3001869,1,1000003,1,3
3001474,1,1000003,1,3
3001605,1,1000003,1,3
3001876,1,1000004,1,3
3002006,1,1000001,1,3
3001882,1,1000000,1,3
3000478,1,1000004,1,3
3000639,1,1000002,1,3
3002325,1,1000000,1,3
3002619,1,1000001,1,3
3001141,1,1000003,1,3
3000974,1,1000000,1,3
3002318,1,1000000,1,3
3002315,1,1000003,1,3
3000977,1,1000002,1,3
3002311,1,1000003,1,3
3002148,1,1000001,1,3
3002602,1,1000002,1,3
3002438,1,1000003,1,3
3002297,1,1000003,1,3
3000242,1,1000002,1,3
3002447,1,1000003,1,3
3002478,1,1000001,1,3
3000924,1,1000002,1,3
3000983,1,1000002,1,3
3002284,1,1000000,1,3
3001145,1,1000000,1,3
3002634,1,1000003,1,3
3002534,1,1000003,1,3
3002467,1,1000003,1,3
3002373,1,1000003,1,3
3002471,1,1000000,1,3
3002475,1,1000000,1,3
3001178,1,1000000,1,3
3000932,1,1000004,1,3
3001271,1,1000004,1,3
3001029,1,1000003,1,3
3002324,1,1000001,1,3
3001129,1,1000003,1,3
3000236,1,1000003,1,3
3001241,1,1000000,1,3
3001016,1,1000000,1,3
3000946,1,1000003,1,3
3002567,1,1000001,1,3
3002568,1,1000001,1,3
3001226,1,1000003,1,3
3000280,1,1000000,1,3
3002354,1,1000000,1,3
3001225,1,1000000,1,3
3002385,1,1000003,1,3
3001014,1,1000003,1,3
3001119,1,1000000,1,3
3002549,1,1000000,1,3
3000942,1,1000001,1,3
3002339,1,1000000,1,3
3001137,1,1000003,1,3
3001264,1,1000000,1,3
3000238,1,1000004,1,3
3000969,1,1000003,1,3
3002409,1,1000001,1,3
3002329,1,1000000,1,3
3001176,1,1000003,1,3
3002533,1,1000000,1,3
3001337,1,1000000,1,3
3002690,1,1000003,1,3
3001334,1,1000000,1,3
3001335,1,1000000,1,3
3001090,1,1000002,1,3
3000331,1,1000003,1,3
3002209,1,1000003,1,3
3002207,1,1000003,1,3
3002201,1,1000000,1,3
3000880,1,1000003,1,3
3002512,1,1000003,1,3
3000876,1,1000003,1,3
3000344,1,1000001,1,3
3002181,1,1000001,1,3
3002180,1,1000000,1,3
3002178,1,1000001,1,3
3002704,1,1000001,1,3
3001051,1,1000003,1,3
3000345,1,1000003,1,3
3001066,1,1000000,1,3
3002724,1,1000001,1,3
3001358,1,1000000,1,3
3002169,1,1000000,1,3
3000357,1,1000000,1,3
3002163,1,1000000,1,3
3001063,1,1000003,1,3
3000860,1,1000000,1,3
3002217,1,1000000,1,3
3001233,1,1000001,1,3
3000329,1,1000003,1,3
3002237,1,1000000,1,3
3002246,1,1000000,1,3
3000900,1,1000000,1,3
3001170,1,1000000,1,3
3002525,1,1000002,1,3
3002481,1,1000003,1,3
3002672,1,1000001,1,3
3000130,1,1000000,1,3
3001325,1,1000000,1,3
3002256,1,1000000,1,3
3002668,1,1000000,1,3
3001154,1,1000000,1,3
3002226,1,1000000,1,3
3002683,1,1000003,1,3
3000314,1,1000001,1,3
3001008,1,1000001,1,3
3002526,1,1000002,1,3
3002565,1,1000000,1,2
3002532,1,1000003,1,2
3002564,1,1000003,1,2
3002528,1,1000000,1,2
3002517,1,1000003,1,2
3001837,1,1000003,1,2
3000036,1,1000001,1,2
3000569,1,1000003,1,2
3000542,1,1000001,1,2
3001867,1,1000004,1,2
3002554,1,1000000,1,2
3002544,1,1000001,1,2
3001886,1,1000000,1,2
3000543,1,1000004,1,2
3002547,1,1000000,1,2
3000037,1,1000003,1,2
3002524,1,1000003,1,2
3002519,1,1000001,1,2
3000553,1,1000001,1,2
3001857,1,1000000,1,2
3001885,1,1000002,1,2
3001863,1,1000000,1,2
3001873,1,1000000,1,2
3002146,1,1000003,1,2
3001832,1,1000000,1,2
3002673,1,1000000,1,2
3001781,1,1000000,1,2
3002637,1,1000003,1,2
3002638,1,1000003,1,2
3002643,1,1000000,1,2
3001768,1,1000001,1,2
3000618,1,1000003,1,2
3002644,1,1000003,1,2
3002645,1,1000000,1,2
3002662,1,1000000,1,2
3001755,1,1000000,1,2
3002666,1,1000000,1,2
3002669,1,1000001,1,2
3002674,1,1000001,1,2
3002623,1,1000001,1,2
3001748,1,1000003,1,2
3001747,1,1000001,1,2
3000225,1,1000003,1,2
3000222,1,1000002,1,2
3002679,1,1000000,1,2
3002682,1,1000000,1,2
3001743,1,1000000,1,2
3002689,1,1000004,1,2
3002693,1,1000000,1,2
3000220,1,1000001,1,2
3001735,1,1000003,1,2
3002734,1,1000001,1,2
3002631,1,1000003,1,2
3000602,1,1000000,1,2
3001830,1,1000000,1,2
3000595,1,1000000,1,2
3000235,1,1000001,1,2
3000577,1,1000001,1,2
3001822,1,1000004,1,2
3002570,1,1000003,1,2
3001820,1,1000003,1,2
3002576,1,1000000,1,2
3001818,1,1000001,1,2
3001817,1,1000000,1,2
3000590,1,1000001,1,2
3002579,1,1000000,1,2
3002580,1,1000000,1,2
3002581,1,1000003,1,2
3002582,1,1000003,1,2
3002621,1,1000003,1,2
3000045,1,1000002,1,2
3000597,1,1000003,1,2
3002514,1,1000000,1,2
3001801,1,1000000,1,2
3001800,1,1000003,1,2
3002589,1,1000000,1,2
3001796,1,1000001,1,2
3002595,1,1000003,1,2
3000600,1,1000002,1,2
3002613,1,1000000,1,2
3000229,1,1000000,1,2
3002620,1,1000000,1,2
3002516,1,1000003,1,2
3002436,1,1000001,1,2
3002513,1,1000001,1,2
3002076,1,1000003,1,2
3002260,1,1000003,1,2
3000393,1,1000004,1,2
3002261,1,1000000,1,2
3002270,1,1000001,1,2
3002066,1,1000001,1,2
3002271,1,1000001,1,2
3002274,1,1000003,1,2
3002278,1,1000001,1,2
3002286,1,1000002,1,2
3000402,1,1000004,1,2
3000405,1,1000002,1,2
3000302,1,1000002,1,2
3002295,1,1000003,1,2
3000407,1,1000003,1,2
3002296,1,1000003,1,2
3000298,1,1000001,1,2
3002302,1,1000003,1,2
3002042,1,1000001,1,2
3002312,1,1000003,1,2
3002313,1,1000002,1,2
3002323,1,1000003,1,2
3000011,1,1000002,1,2
3002032,1,1000002,1,2
3002028,1,1000002,1,2
3002328,1,1000000,1,2
3002259,1,1000000,1,2
3002079,1,1000001,1,2
3000431,1,1000001,1,2
3002084,1,1000001,1,2
3000364,1,1000001,1,2
3000363,1,1000001,1,2
3002133,1,1000000,1,2
3002171,1,1000000,1,2
3002128,1,1000003,1,2
3000374,1,1000001,1,2
3000375,1,1000000,1,2
3002186,1,1000003,1,2
3000378,1,1000000,1,2
3002113,1,1000000,1,2
3000327,1,1000002,1,2
3002109,1,1000000,1,2
3000384,1,1000001,1,2
3002231,1,1000000,1,2
3002233,1,1000001,1,2
3002238,1,1000000,1,2
3002239,1,1000000,1,2
3000317,1,1000001,1,2
3000389,1,1000001,1,2
3002093,1,1000003,1,2
3002092,1,1000001,1,2
3002090,1,1000000,1,2
3002250,1,1000003,1,2
3002088,1,1000001,1,2
3002085,1,1000004,1,2
3000202,1,1000003,1,2
3000022,1,1000000,1,2
3000529,1,1000000,1,2
3002397,1,1000000,1,2
3002402,1,1000000,1,2
3001931,1,1000004,1,2
3002412,1,1000000,1,2
3000252,1,1000001,1,2
3002420,1,1000001,1,2
3000251,1,1000000,1,2
3002444,1,1000003,1,2
3000245,1,1000002,1,2
3002457,1,1000003,1,2
3002459,1,1000000,1,2
3002461,1,1000001,1,2
3002464,1,1000004,1,2
3002468,1,1000000,1,2
3002473,1,1000002,1,2
3002479,1,1000000,1,2
3002480,1,1000003,1,2
3002482,1,1000003,1,2
3002483,1,1000003,1,2
3002491,1,1000003,1,2
3002492,1,1000003,1,2
3001897,1,1000000,1,2
3002495,1,1000003,1,2
3002509,1,1000003,1,2
3001895,1,1000003,1,2
3000526,1,1000003,1,2
3000484,1,1000003,1,2
3002396,1,1000002,1,2
3002336,1,1000003,1,2
3001943,1,1000001,1,2
3000435,1,1000002,1,2
3002010,1,1000000,1,2
3002004,1,1000000,1,2
3002341,1,1000000,1,2
3002347,1,1000003,1,2
3000284,1,1000001,1,2
3002351,1,1000002,1,2
3000440,1,1000003,1,2
3000281,1,1000001,1,2
3001990,1,1000000,1,2
3001981,1,1000000,1,2
3002359,1,1000000,1,2
3002364,1,1000002,1,2
3002366,1,1000000,1,2
3002367,1,1000002,1,2
3002369,1,1000000,1,2
3002372,1,1000001,1,2
3000027,1,1000000,1,2
3002375,1,1000003,1,2
3002377,1,1000000,1,2
3002379,1,1000000,1,2
3000469,1,1000001,1,2
3002394,1,1000001,1,2
3000470,1,1000003,1,2
3002395,1,1000000,1,2
3000370,1,1000001,1,2
3000211,1,1000004,1,2
3001463,1,1000003,1,2
3000853,1,1000003,1,2
3001256,1,1000001,1,2
3000714,1,1000000,1,2
3000716,1,1000001,1,2
3001114,1,1000000,1,2
3001022,1,1000001,1,2
3001611,1,1000000,1,2
3000115,1,1000000,1,2
3001118,1,1000002,1,2
3000064,1,1000000,1,2
3001248,1,1000000,1,2
3001211,1,1000000,1,2
3000757,1,1000000,1,2
3001162,1,1000000,1,2
3001503,1,1000003,1,2
3001020,1,1000004,1,2
3001382,1,1000000,1,2
3001250,1,1000003,1,2
3001460,1,1000000,1,2
3001303,1,1000000,1,2
3001618,1,1000003,1,2
3001436,1,1000003,1,2
3001367,1,1000003,1,2
3000701,1,1000001,1,2
3001266,1,1000000,1,2
3000972,1,1000003,1,2
3001031,1,1000003,1,2
3001627,1,1000003,1,2
3001488,1,1000003,1,2
3001265,1,1000002,1,2
3001361,1,1000003,1,2
3001362,1,1000000,1,2
3001490,1,1000000,1,2
3000865,1,1000001,1,2
3000711,1,1000003,1,2
3001439,1,1000001,1,2
3001491,1,1000004,1,2
3001365,1,1000001,1,2
3001209,1,1000003,1,2
3001167,1,1000000,1,2
3001595,1,1000001,1,2
3000804,1,1000001,1,2
3001169,1,1000001,1,2
3001531,1,1000003,1,2
3000822,1,1000004,1,2
3001143,1,1000002,1,2
3001545,1,1000001,1,2
3001543,1,1000002,1,2
3000740,1,1000003,1,2
3000961,1,1000001,1,2
3001538,1,1000003,1,2
3000962,1,1000004,1,2
3000744,1,1000000,1,2
3000840,1,1000001,1,2
3000818,1,1000001,1,2
3000746,1,1000003,1,2
3001218,1,1000000,1,2
3001148,1,1000003,1,2
3001509,1,1000001,1,2
3001512,1,1000000,1,2
3001420,1,1000003,1,2
3000752,1,1000000,1,2
3001409,1,1000000,1,2
3001551,1,1000000,1,2
3001553,1,1000001,1,2
3001231,1,1000003,1,2
3000837,1,1000004,1,2
3001583,1,1000001,1,2
3001582,1,1000000,1,2
3001579,1,1000001,1,2
3000828,1,1000002,1,2
3001574,1,1000003,1,2
3000952,1,1000003,1,2
3000730,1,1000003,1,2
3001567,1,1000003,1,2
3000999,1,1000000,1,2
3001215,1,1000004,1,2
3001001,1,1000001,1,2
3000733,1,1000003,1,2
3001142,1,1000003,1,2
3001002,1,1000000,1,2
3001558,1,1000003,1,2
3000735,1,1000000,1,2
3001102,1,1000000,1,2
3000871,1,1000003,1,2
3001288,1,1000000,1,2
3001322,1,1000000,1,2
3001049,1,1000000,1,2
3000056,1,1000002,1,2
3001292,1,1000000,1,2
3000922,1,1000000,1,2
3000079,1,1000003,1,2
3000136,1,1000003,1,2
3001079,1,1000000,1,2
3001475,1,1000000,1,2
3001200,1,1000003,1,2
3001188,1,1000000,1,2
3001082,1,1000000,1,2
3001684,1,1000001,1,2
3001637,1,1000003,1,2
3000925,1,1000001,1,2
3001683,1,1000003,1,2
3000927,1,1000000,1,2
3001478,1,1000003,1,2
3001074,1,1000000,1,2
3001471,1,1000003,1,2
3000677,1,1000000,1,2
3001191,1,1000000,1,2
3001056,1,1000000,1,2
3001464,1,1000000,1,2
3001307,1,1000004,1,2
3001719,1,1000001,1,2
3000785,1,1000000,1,2
3000052,1,1000002,1,2
3001055,1,1000004,1,2
3001311,1,1000000,1,2
3001313,1,1000000,1,2
3000915,1,1000001,1,2
3001199,1,1000000,1,2
3000898,1,1000003,1,2
3001705,1,1000001,1,2
3000919,1,1000003,1,2
3001072,1,1000004,1,2
3001702,1,1000003,1,2
3000921,1,1000003,1,2
3001283,1,1000003,1,2
3001515,1,1000003,1,2
3000888,1,1000003,1,2
3000792,1,1000000,1,2
3001444,1,1000000,1,2
3001276,1,1000000,1,2
3001039,1,1000000,1,2
3000690,1,1000002,1,2
3000697,1,1000002,1,2
3001282,1,1000003,1,2
3000992,1,1000000,1,2
3000688,1,1000001,1,2
3001173,1,1000000,1,2
3001172,1,1000000,1,2
3001343,1,1000003,1,2
3001642,1,1000001,1,2
3001485,1,1000001,1,2
3001350,1,1000003,1,2
3000695,1,1000001,1,2
3000789,1,1000003,1,2
3000109,1,1000001,1,2
3000771,1,1000003,1,2
3001092,1,1000000,1,2
3000935,1,1000003,1,2
3000883,1,1000003,1,2
3000151,1,1000004,1,2
3000698,1,1000000,1,2
3000685,1,1000003,1,2
3001663,1,1000000,1,2
3001198,1,1000000,1,1
3002393,1,1000003,1,1
3001216,1,1000003,1,1
3000980,1,1000004,1,1
3000964,1,1000000,1,1
3002442,1,1000001,1,1
3002443,1,1000000,1,1
3002414,1,1000000,1,1
3000261,1,1000001,1,1
3002422,1,1000000,1,1
3000975,1,1000001,1,1
3000249,1,1000004,1,1
3002407,1,1000000,1,1
3002406,1,1000000,1,1
3000257,1,1000003,1,1
3002434,1,1000000,1,1
3001212,1,1000000,1,1
3000258,1,1000003,1,1
3000978,1,1000000,1,1
3000968,1,1000003,1,1
3000204,1,1000001,1,1
3002400,1,1000003,1,1
3002399,1,1000000,1,1
3002433,1,1000001,1,1
3002431,1,1000003,1,1
3001210,1,1000000,1,1
3001202,1,1000000,1,1
3000205,1,1000001,1,1
3002423,1,1000003,1,1
3000250,1,1000003,1,1
3000254,1,1000001,1,1
3001206,1,1000000,1,1
3001729,1,1000001,1,1
3002389,1,1000001,1,1
3001280,1,1000000,1,1
3000296,1,1000001,1,1
3002306,1,1000000,1,1
3002308,1,1000000,1,1
3000929,1,1000001,1,1
3001278,1,1000002,1,1
3001277,1,1000003,1,1
3002314,1,1000003,1,1
3002316,1,1000004,1,1
3002317,1,1000002,1,1
3001275,1,1000000,1,1
3000294,1,1000001,1,1
3002320,1,1000003,1,1
3002321,1,1000003,1,1
3002326,1,1000001,1,1
3001267,1,1000003,1,1
3002304,1,1000003,1,1
3002298,1,1000000,1,1
3000203,1,1000000,1,1
3000301,1,1000003,1,1
3002266,1,1000000,1,1
3002267,1,1000003,1,1
3000914,1,1000003,1,1
3001300,1,1000004,1,1
3000196,1,1000003,1,1
3002273,1,1000000,1,1
3001298,1,1000003,1,1
3000920,1,1000003,1,1
3000198,1,1000000,1,1
3000306,1,1000001,1,1
3001293,1,1000000,1,1
3002288,1,1000001,1,1
3002289,1,1000001,1,1
3000303,1,1000001,1,1
3001289,1,1000003,1,1
3000291,1,1000001,1,1
3002331,1,1000001,1,1
3002332,1,1000001,1,1
3002335,1,1000003,1,1
3001247,1,1000000,1,1
3002365,1,1000000,1,1
3001246,1,1000002,1,1
3001243,1,1000000,1,1
3000949,1,1000002,1,1
3001236,1,1000003,1,1
3001234,1,1000003,1,1
3001232,1,1000000,1,1
3002374,1,1000000,1,1
3002376,1,1000003,1,1
3002380,1,1000003,1,1
3002382,1,1000002,1,1
3001222,1,1000003,1,1
3002386,1,1000003,1,1
3001220,1,1000000,1,1
3002362,1,1000000,1,1
3002361,1,1000000,1,1
3001249,1,1000003,1,1
3002345,1,1000000,1,1
3000937,1,1000000,1,1
3002337,1,1000000,1,1
3000940,1,1000001,1,1
3002340,1,1000003,1,1
3001259,1,1000002,1,1
3002344,1,1000000,1,1
3002346,1,1000000,1,1
3002358,1,1000000,1,1
3002348,1,1000000,1,1
3002350,1,1000000,1,1
3001254,1,1000000,1,1
3002352,1,1000002,1,1
3001253,1,1000003,1,1
3001252,1,1000000,1,1
3000275,1,1000001,1,1
3002490,1,1000000,1,1
3001196,1,1000000,1,1
3002633,1,1000001,1,1
3002617,1,1000000,1,1
3001035,1,1000003,1,1
3001103,1,1000000,1,1
3002626,1,1000003,1,1
3002627,1,1000001,1,1
3002628,1,1000001,1,1
3001100,1,1000002,1,1
3001099,1,1000003,1,1
3001098,1,1000000,1,1
3001120,1,1000000,1,1
3002635,1,1000003,1,1
3001037,1,1000003,1,1
3001038,1,1000002,1,1
3002642,1,1000003,1,1
3001095,1,1000000,1,1
3001094,1,1000000,1,1
3002648,1,1000001,1,1
3002649,1,1000003,1,1
3000227,1,1000001,1,1
3001107,1,1000000,1,1
3002614,1,1000000,1,1
3001108,1,1000000,1,1
3002578,1,1000000,1,1
3001116,1,1000000,1,1
3002587,1,1000000,1,1
3002588,1,1000000,1,1
3001112,1,1000003,1,1
3000232,1,1000000,1,1
3002591,1,1000001,1,1
3002592,1,1000003,1,1
3000231,1,1000003,1,1
3001030,1,1000000,1,1
3002596,1,1000000,1,1
3001109,1,1000000,1,1
3000230,1,1000003,1,1
3002607,1,1000001,1,1
3002609,1,1000000,1,1
3002610,1,1000000,1,1
3002611,1,1000003,1,1
3002652,1,1000000,1,1
3002656,1,1000000,1,1
3002657,1,1000000,1,1
3000221,1,1000000,1,1
3001073,1,1000003,1,1
3002696,1,1000001,1,1
3002698,1,1000003,1,1
3002700,1,1000000,1,1
3001071,1,1000003,1,1
3001070,1,1000000,1,1
3000217,1,1000003,1,1
3000209,1,1000003,1,1
3001053,1,1000003,1,1
3002717,1,1000003,1,1
3002718,1,1000003,1,1
3002719,1,1000003,1,1
3000214,1,1000001,1,1
3002727,1,1000003,1,1
3002728,1,1000003,1,1
3002729,1,1000003,1,1
3002730,1,1000003,1,1
3002694,1,1000000,1,1
3001076,1,1000000,1,1
3002660,1,1000003,1,1
3002687,1,1000003,1,1
3002661,1,1000001,1,1
3002663,1,1000003,1,1
3002664,1,1000003,1,1
3002665,1,1000000,1,1
3001091,1,1000000,1,1
3002667,1,1000003,1,1
3001089,1,1000000,1,1
3001088,1,1000002,1,1
3002670,1,1000000,1,1
3001040,1,1000000,1,1
3001042,1,1000003,1,1
3001046,1,1000000,1,1
3002677,1,1000000,1,1
3001047,1,1000004,1,1
3001080,1,1000000,1,1
3002681,1,1000000,1,1
3002685,1,1000004,1,1
3002577,1,1000000,1,1
3002575,1,1000001,1,1
3002448,1,1000003,1,1
3002497,1,1000000,1,1
3002485,1,1000000,1,1
3002486,1,1000001,1,1
3002488,1,1000003,1,1
3002489,1,1000000,1,1
3001166,1,1000000,1,1
3000994,1,1000000,1,1
3002493,1,1000000,1,1
3002494,1,1000001,1,1
3002500,1,1000000,1,1
3002574,1,1000003,1,1
3002501,1,1000003,1,1
3002502,1,1000004,1,1
3002504,1,1000001,1,1
3002505,1,1000000,1,1
3002506,1,1000003,1,1
3002507,1,1000000,1,1
3002508,1,1000003,1,1
3001000,1,1000004,1,1
3002484,1,1000003,1,1
3000993,1,1000000,1,1
3001171,1,1000000,1,1
3001177,1,1000000,1,1
3000248,1,1000001,1,1
3002450,1,1000003,1,1
3000247,1,1000001,1,1
3001195,1,1000002,1,1
3001192,1,1000000,1,1
3002455,1,1000000,1,1
3001190,1,1000002,1,1
3001189,1,1000003,1,1
3002463,1,1000000,1,1
3001187,1,1000004,1,1
3000986,1,1000000,1,1
3001185,1,1000000,1,1
3002470,1,1000001,1,1
3001182,1,1000000,1,1
3001181,1,1000000,1,1
3001180,1,1000000,1,1
3002476,1,1000003,1,1
3001157,1,1000000,1,1
3001007,1,1000003,1,1
3002518,1,1000001,1,1
3001012,1,1000000,1,1
3002550,1,1000001,1,1
3002551,1,1000000,1,1
3001135,1,1000000,1,1
3001133,1,1000002,1,1
3002556,1,1000002,1,1
3002557,1,1000003,1,1
3002560,1,1000000,1,1
3000237,1,1000001,1,1
3000144,1,1000001,1,1
3001130,1,1000000,1,1
3001128,1,1000002,1,1
3001017,1,1000001,1,1
3001125,1,1000003,1,1
3001018,1,1000002,1,1
3001019,1,1000000,1,1
3002571,1,1000003,1,1
3000234,1,1000001,1,1
3001136,1,1000000,1,1
3001139,1,1000003,1,1
3001153,1,1000000,1,1
3001140,1,1000003,1,1
3002521,1,1000000,1,1
3002522,1,1000001,1,1
3001152,1,1000003,1,1
3001151,1,1000003,1,1
3001150,1,1000003,1,1
3002527,1,1000000,1,1
3001149,1,1000003,1,1
3002531,1,1000003,1,1
3001009,1,1000004,1,1
3001011,1,1000001,1,1
3001144,1,1000000,1,1
3002536,1,1000000,1,1
3000241,1,1000001,1,1
3000240,1,1000001,1,1
3000239,1,1000003,1,1
3002542,1,1000000,1,1
3002543,1,1000003,1,1
3001302,1,1000000,1,1
3002194,1,1000003,1,1
3001304,1,1000000,1,1
3001577,1,1000003,1,1
3001592,1,1000003,1,1
3001591,1,1000003,1,1
3001588,1,1000003,1,1
3001888,1,1000004,1,1
3000532,1,1000001,1,1
3000170,1,1000001,1,1
3001891,1,1000000,1,1
3001581,1,1000003,1,1
3001576,1,1000003,1,1
3000712,1,1000000,1,1
3000525,1,1000001,1,1
3001899,1,1000004,1,1
3001901,1,1000000,1,1
3001904,1,1000000,1,1
3001565,1,1000000,1,1
3001906,1,1000000,1,1
3001562,1,1000000,1,1
3001909,1,1000000,1,1
3000720,1,1000004,1,1
3001597,1,1000001,1,1
3001598,1,1000001,1,1
3000536,1,1000003,1,1
3001855,1,1000000,1,1
3000551,1,1000004,1,1
3001858,1,1000001,1,1
3001617,1,1000003,1,1
3000548,1,1000004,1,1
3001614,1,1000004,1,1
3000546,1,1000001,1,1
3001612,1,1000000,1,1
3001610,1,1000003,1,1
3000719,1,1000000,1,1
3000541,1,1000001,1,1
3001603,1,1000002,1,1
3000540,1,1000000,1,1
3001601,1,1000000,1,1
3001600,1,1000000,1,1
3001877,1,1000003,1,1
3001599,1,1000003,1,1
3001912,1,1000003,1,1
3001916,1,1000000,1,1
3000505,1,1000004,1,1
3001958,1,1000000,1,1
3000461,1,1000003,1,1
3000460,1,1000004,1,1
3001963,1,1000003,1,1
3000459,1,1000000,1,1
3000457,1,1000004,1,1
3001968,1,1000000,1,1
3001969,1,1000002,1,1
3001970,1,1000003,1,1
3001505,1,1000003,1,1
3001972,1,1000001,1,1
3000450,1,1000001,1,1
3001977,1,1000000,1,1
3000763,1,1000003,1,1
3001980,1,1000000,1,1
3001494,1,1000004,1,1
3000185,1,1000004,1,1
3001985,1,1000000,1,1
3001960,1,1000003,1,1
3000462,1,1000001,1,1
3001548,1,1000003,1,1
3001506,1,1000000,1,1
3000496,1,1000003,1,1
3001539,1,1000003,1,1
3001537,1,1000001,1,1
3001932,1,1000003,1,1
3000747,1,1000003,1,1
3000485,1,1000004,1,1
3000748,1,1000003,1,1
3000483,1,1000001,1,1
3000749,1,1000000,1,1
3000477,1,1000004,1,1
3000184,1,1000000,1,1
3001521,1,1000000,1,1
3001520,1,1000003,1,1
3001519,1,1000003,1,1
3000755,1,1000003,1,1
3001507,1,1000001,1,1
3001954,1,1000001,1,1
3001854,1,1000004,1,1
3000179,1,1000003,1,1
3000910,1,1000003,1,1
3001692,1,1000004,1,1
3000619,1,1000000,1,1
3000660,1,1000002,1,1
3001762,1,1000001,1,1
3001765,1,1000000,1,1
3000617,1,1000003,1,1
3001767,1,1000000,1,1
3001693,1,1000003,1,1
3000616,1,1000000,1,1
3000661,1,1000002,1,1
3000556,1,1000002,1,1
3001689,1,1000000,1,1
3001777,1,1000004,1,1
3000173,1,1000001,1,1
3001783,1,1000003,1,1
3001784,1,1000000,1,1
3001787,1,1000003,1,1
3000667,1,1000002,1,1
3001675,1,1000000,1,1
3001697,1,1000003,1,1
3001699,1,1000004,1,1
3001757,1,1000003,1,1
3001700,1,1000002,1,1
3000636,1,1000000,1,1
3000650,1,1000000,1,1
3000651,1,1000003,1,1
3000652,1,1000001,1,1
3001718,1,1000001,1,1
3001740,1,1000003,1,1
3000631,1,1000002,1,1
3001714,1,1000000,1,1
3001713,1,1000003,1,1
3001710,1,1000001,1,1
3000629,1,1000003,1,1
3000656,1,1000003,1,1
3001708,1,1000004,1,1
3001749,1,1000000,1,1
3001751,1,1000004,1,1
3001752,1,1000004,1,1
3001703,1,1000000,1,1
3001791,1,1000000,1,1
3001669,1,1000003,1,1
3000682,1,1000003,1,1
3000141,1,1000000,1,1
3001638,1,1000003,1,1
3000700,1,1000000,1,1
3001833,1,1000003,1,1
3000177,1,1000004,1,1
3000178,1,1000003,1,1
3001631,1,1000000,1,1
3001629,1,1000003,1,1
3000566,1,1000001,1,1
3001626,1,1000000,1,1
3000171,1,1000003,1,1
3000561,1,1000002,1,1
3000710,1,1000003,1,1
3001845,1,1000000,1,1
3001846,1,1000000,1,1
3000559,1,1000000,1,1
3001620,1,1000000,1,1
3001850,1,1000003,1,1
3000574,1,1000001,1,1
3001640,1,1000000,1,1
3001797,1,1000003,1,1
3001824,1,1000000,1,1
3001798,1,1000001,1,1
3001661,1,1000003,1,1
3001803,1,1000000,1,1
3001660,1,1000001,1,1
3001659,1,1000000,1,1
3001806,1,1000000,1,1
3000596,1,1000000,1,1
3001809,1,1000000,1,1
3001657,1,1000001,1,1
3001653,1,1000000,1,1
3000588,1,1000000,1,1
3001816,1,1000004,1,1
3000172,1,1000003,1,1
3000694,1,1000001,1,1
3001646,1,1000000,1,1
3001643,1,1000001,1,1
3000578,1,1000003,1,1
3001988,1,1000000,1,1
3000444,1,1000002,1,1
3000764,1,1000000,1,1
3000356,1,1000001,1,1
3001370,1,1000000,1,1
3002149,1,1000000,1,1
3001369,1,1000000,1,1
3000367,1,1000003,1,1
3000861,1,1000002,1,1
3001364,1,1000000,1,1
3000361,1,1000001,1,1
3000360,1,1000003,1,1
3000349,1,1000001,1,1
3001992,1,1000000,1,1
3000872,1,1000002,1,1
3001356,1,1000003,1,1
3002172,1,1000003,1,1
3002173,1,1000000,1,1
3000347,1,1000003,1,1
3000875,1,1000000,1,1
3001352,1,1000003,1,1
3001351,1,1000003,1,1
3002147,1,1000003,1,1
3001372,1,1000000,1,1
3000857,1,1000001,1,1
3000854,1,1000003,1,1
3002118,1,1000003,1,1
3001400,1,1000003,1,1
3001394,1,1000000,1,1
3000834,1,1000003,1,1
3000377,1,1000003,1,1
3000839,1,1000000,1,1
3000841,1,1000001,1,1
3001388,1,1000003,1,1
3000088,1,1000000,1,1
3001385,1,1000001,1,1
3000373,1,1000000,1,1
3000842,1,1000003,1,1
3002135,1,1000003,1,1
3000372,1,1000003,1,1
3000843,1,1000003,1,1
3000852,1,1000004,1,1
3002140,1,1000000,1,1
3001349,1,1000002,1,1
3001348,1,1000000,1,1
3000879,1,1000002,1,1
3002229,1,1000004,1,1
3001327,1,1000000,1,1
3000892,1,1000001,1,1
3001324,1,1000000,1,1
3002236,1,1000000,1,1
3000897,1,1000000,1,1
3001321,1,1000000,1,1
3002241,1,1000003,1,1
3002242,1,1000001,1,1
3000105,1,1000003,1,1
3002244,1,1000003,1,1
3000899,1,1000003,1,1
3001314,1,1000003,1,1
3000316,1,1000003,1,1
3000901,1,1000000,1,1
3001309,1,1000003,1,1
3000315,1,1000001,1,1
3000906,1,1000001,1,1
3002230,1,1000001,1,1
3002228,1,1000001,1,1
3002187,1,1000003,1,1
3002227,1,1000001,1,1
3002189,1,1000004,1,1
3000644,1,1000000,1,1
3000342,1,1000000,1,1
3000341,1,1000003,1,1
3001344,1,1000000,1,1
3002202,1,1000003,1,1
3000881,1,1000000,1,1
3001341,1,1000001,1,1
3001340,1,1000000,1,1
3001338,1,1000000,1,1
3002216,1,1000004,1,1
3001333,1,1000000,1,1
3000887,1,1000000,1,1
3000326,1,1000001,1,1
3000891,1,1000003,1,1
3002225,1,1000003,1,1
3001328,1,1000000,1,1
3001403,1,1000003,1,1
3000826,1,1000003,1,1
3000380,1,1000003,1,1
3000772,1,1000000,1,1
3000425,1,1000001,1,1
3000422,1,1000003,1,1
3001469,1,1000000,1,1
3002029,1,1000000,1,1
3002030,1,1000002,1,1
3001467,1,1000003,1,1
3000775,1,1000000,1,1
3002035,1,1000002,1,1
3000778,1,1000003,1,1
3000783,1,1000001,1,1
3000420,1,1000004,1,1
3000188,1,1000000,1,1
3000418,1,1000000,1,1
3000417,1,1000002,1,1
3000413,1,1000002,1,1
3000786,1,1000000,1,1
3000410,1,1000002,1,1
3000187,1,1000004,1,1
3001477,1,1000000,1,1
3001450,1,1000000,1,1
3000432,1,1000004,1,1
3000765,1,1000000,1,1
3001998,1,1000000,1,1
3001487,1,1000003,1,1
3001486,1,1000003,1,1
3000438,1,1000003,1,1
3002002,1,1000001,1,1
3002003,1,1000000,1,1
3000767,1,1000002,1,1
3001483,1,1000003,1,1
3002007,1,1000001,1,1
3002008,1,1000001,1,1
3002009,1,1000001,1,1
3001482,1,1000003,1,1
3001481,1,1000003,1,1
3002012,1,1000003,1,1
3002013,1,1000000,1,1
3002016,1,1000000,1,1
3000409,1,1000001,1,1
3001448,1,1000003,1,1
3001406,1,1000000,1,1
3001428,1,1000000,1,1
3001425,1,1000004,1,1
3001424,1,1000000,1,1
3002091,1,1000002,1,1
3001423,1,1000003,1,1
3001422,1,1000003,1,1
3002094,1,1000001,1,1
3000808,1,1000003,1,1
3001419,1,1000000,1,1
3000817,1,1000003,1,1
3001417,1,1000003,1,1
3001416,1,1000000,1,1
3001415,1,1000000,1,1
3002105,1,1000003,1,1
3000820,1,1000000,1,1
3001411,1,1000002,1,1
3000823,1,1000003,1,1
3000381,1,1000000,1,1
3000805,1,1000000,1,1
3002086,1,1000001,1,1
3001447,1,1000003,1,1
3001429,1,1000000,1,1
3000795,1,1000003,1,1
3000191,1,1000000,1,1
3000400,1,1000001,1,1
3000801,1,1000003,1,1
3000397,1,1000001,1,1
3001440,1,1000004,1,1
3001438,1,1000000,1,1
3001437,1,1000004,1,1
3000803,1,1000003,1,1
3000392,1,1000004,1,1
3002072,1,1000000,1,1
3002073,1,1000003,1,1
3001434,1,1000003,1,1
3001432,1,1000000,1,1
3000391,1,1000001,1,1
3002082,1,1000001,1,1
3001430,1,1000001,1,1
3001828,1,1000001,1,1
