,IDs,length,Exptl.,resolution,R-factor,FreeRvalue,PDB_ID,Chain,Domain_num,target,1,2,3
0,1FHUA,320,XRAY,1.65,0.2,0.27,1FHU,A,2,1FHU_A,14.0,140.0,231.0
1,1GU7A,364,XRAY,1.7,0.17,0.19,1GU7,A,2,1GU7_A,22.0,231.0,268.0
2,1HM9B,468,XRAY,1.75,0.18,0.22,1HM9,B,2,1HM9_B,40.0,204.0,274.0
3,1K5NA,276,XRAY,1.09,0.12,0.15,1K5N,A,2,1K5N_A,744.0,5190.0,7188.0
4,1L3KA,196,XRAY,1.1,0.16,0.19,1L3K,A,2,1L3K_A,180.0,410.0,480.0
5,1LC5A,364,XRAY,1.46,0.19,0.21,1LC5,A,2,1LC5_A,55.0,264.0,510.0
6,1R6DA,337,XRAY,1.35,0.18,0.22,1R6D,A,2,1R6D_A,123.0,277.0,776.0
7,1RKXA,357,XRAY,1.8,0.23,0.27,1RKX,A,2,1RKX_A,70.0,317.0,859.0
8,1SVSA,353,XRAY,1.5,0.2,0.21,1SVS,A,2,1SVS_A,171.0,250.0,750.0
9,1VI0A,206,XRAY,1.65,0.23,0.28,1VI0,A,2,1VI0_A,105.0,277.0,284.0
10,1X8BA,289,XRAY,1.81,0.22,0.24,1X8B,A,2,1X8B_A,1495.0,2309.0,2324.0
11,1YQDA,366,XRAY,1.65,0.2,0.21,1YQD,A,2,1YQD_A,152.0,254.0,276.0
12,1ZARA,282,XRAY,1.75,0.18,0.22,1ZAR,A,3,1ZAR_A,13.0,44.0,332.0
13,2BHUA,602,XRAY,1.1,0.13,0.16,2BHU,A,3,2BHU_A,146.0,341.0,348.0
14,2CDCB,366,XRAY,1.5,0.21,0.24,2CDC,B,2,2CDC_B,89.0,212.0,258.0
15,2DKJA,407,XRAY,1.15,0.18,0.19,2DKJ,A,2,2DKJ_A,65.0,106.0,315.0
16,2HEUA,401,XRAY,1.04,0.13,0.16,2HEU,A,2,2HEU_A,315.0,402.0,433.0
17,2IBDA,204,XRAY,1.5,0.17,0.2,2IBD,A,2,2IBD_A,109.0,278.0,285.0
18,2IZRA,330,XRAY,1.3,0.13,0.16,2IZR,A,2,2IZR_A,972.0,2307.0,2322.0
19,2JHFB,374,XRAY,1.0,0.12,0.15,2JHF,B,2,2JHF_B,150.0,246.0,250.0
20,2W8TA,427,XRAY,1.25,0.15,0.17,2W8T,A,2,2W8T_A,34.0,250.0,651.0
21,2WSDA,513,XRAY,1.6,0.18,0.19,2WSD,A,3,2WSD_A,69.0,174.0,228.0
22,2XXGA,336,XRAY,1.6,0.17,0.21,2XXG,A,2,2XXG_A,100.0,262.0,295.0
23,3A09A,490,XRAY,1.4,0.13,0.21,3A09,A,2,3A09_A,13.0,42.0,370.0
24,3AJ7A,589,XRAY,1.3,0.17,0.19,3AJ7,A,3,3AJ7_A,184.0,324.0,346.0
25,3AMLA,755,XRAY,1.7,0.15,0.2,3AML,A,3,3AML_A,81.0,332.0,347.0
26,3DK9A,478,XRAY,0.95,0.12,0.15,3DK9,A,3,3DK9_A,155.0,302.0,414.0
27,3G7QA,417,XRAY,1.8,0.18,0.2,3G7Q,A,2,3G7Q_A,55.0,216.0,410.0
28,3IJLA,338,XRAY,1.5,0.19,0.2,3IJL,A,2,3IJL_A,99.0,224.0,264.0
29,3K6YA,237,XRAY,1.3,0.17,0.2,3K6Y,A,2,3K6Y_A,70.0,104.0,365.0
30,3KGWA,393,XRAY,1.65,0.17,0.2,3KGW,A,2,3KGW_A,34.0,143.0,433.0
31,3KLKA,1039,XRAY,1.65,0.17,0.2,3KLK,A,3,3KLK_A,31.0,97.0,316.0
32,3LYPB,215,XRAY,1.6,0.18,0.21,3LYP,B,2,3LYP_B,115.0,407.0,438.0
33,3NA5A,570,XRAY,1.7,0.18,0.22,3NA5,A,4,3NA5_A,84.0,270.0,831.0
34,3NYTA,367,XRAY,1.301,0.19,0.22,3NYT,A,2,3NYT_A,61.0,242.0,570.0
35,3P2TA,196,XRAY,1.699,0.19,0.22,3P2T,A,2,3P2T_A,58.0,99.0,1908.0
36,3PFGA,263,XRAY,1.349,0.18,0.21,3PFG,A,2,3PFG_A,18.0,95.0,314.0
37,3PIUA,435,XRAY,1.35,0.15,0.17,3PIU,A,2,3PIU_A,75.0,289.0,568.0
38,3PJ0A,359,XRAY,1.8,0.16,0.2,3PJ0,A,2,3PJ0_A,12.0,34.0,301.0
39,3PPLA,427,XRAY,1.25,0.11,0.12,3PPL,A,2,3PPL_A,22.0,89.0,251.0
40,3QGUB,449,XRAY,1.55,0.13,0.17,3QGU,B,2,3QGU_B,67.0,278.0,580.0
41,3R2QA,202,XRAY,1.05,0.13,0.15,3R2Q,A,2,3R2Q_A,41.0,267.0,430.0
42,3SQZA,425,XRAY,1.2,0.14,0.15,3SQZ,A,2,3SQZ_A,330.0,439.0,405.0
43,3UCQA,655,XRAY,1.97,0.15,0.19,3UCQ,A,4,3UCQ_A,157.0,329.0,343.0
44,3V4CA,528,XRAY,1.91,0.17,0.23,3V4C,A,2,3V4C_A,197.0,240.0,274.0
45,3VQTA,548,XRAY,1.8,0.18,0.22,3VQT,A,3,3VQT_A,174.0,250.0,319.0
46,3VRDB,401,XRAY,1.5,0.16,0.2,3VRD,B,3,3VRD_B,15.0,46.0,234.0
47,3WS7A,306,XRAY,1.18,0.17,0.19,3WS7,A,2,3WS7_A,56.0,104.0,321.0
48,4A5SA,740,XRAY,1.62,0.16,0.18,4A5S,A,2,4A5S_A,60.0,157.0,480.0
49,4BVXA,215,XRAY,1.6,0.22,0.25,4BVX,A,2,4BVX_A,6.0,25.0,243.0
50,4C08A,382,XRAY,1.338,0.14,0.16,4C08,A,2,4C08_A,47.0,79.0,240.0
51,4C3SA,445,XRAY,1.64,0.15,0.17,4C3S,A,2,4C3S_A,114.0,229.0,229.0
52,4CFSA,287,XRAY,1.94,0.17,0.2,4CFS,A,2,4CFS_A,29.0,340.0,464.0
53,4D5CA,206,XRAY,1.7,0.17,0.2,4D5C,A,2,4D5C_A,41.0,178.0,281.0
54,4DCUA,456,XRAY,2.0,0.21,0.26,4DCU,A,3,4DCU_A,54.0,404.0,1043.0
55,4EQ9A,246,XRAY,1.4,0.17,0.19,4EQ9,A,2,4EQ9_A,56.0,294.0,298.0
56,4EQBA,330,XRAY,1.5,0.16,0.19,4EQB,A,2,4EQB_A,17.0,326.0,405.0
57,4EQSA,437,XRAY,1.5,0.18,0.2,4EQS,A,3,4EQS_A,165.0,317.0,375.0
58,4EUOA,320,XRAY,1.28,0.17,0.18,4EUO,A,2,4EUO_A,13.0,301.0,408.0
59,4G68A,456,XRAY,1.8,0.23,0.26,4G68,A,2,4G68_A,258.0,388.0,422.0
60,4G8TA,464,XRAY,1.7,0.15,0.18,4G8T,A,2,4G8T_A,74.0,223.0,268.0
61,4H27A,364,XRAY,1.3,0.15,0.17,4H27,A,2,4H27_A,322.0,405.0,428.0
62,4HVKA,382,XRAY,1.43,0.11,0.15,4HVK,A,2,4HVK_A,58.0,161.0,470.0
63,4I8HA,223,XRAY,0.75,0.1,0.11,4I8H,A,2,4I8H_A,475.0,477.0,479.0
64,4IW9A,231,XRAY,1.76,0.16,0.2,4IW9,A,2,4IW9_A,114.0,642.0,430.0
65,4JBEA,445,XRAY,1.95,0.17,0.21,4JBE,A,2,4JBE_A,17.0,90.0,234.0
66,4JN7A,395,XRAY,1.15,0.14,0.14,4JN7,A,2,4JN7_A,147.0,244.0,268.0
67,4KQPA,232,XRAY,0.95,0.12,0.12,4KQP,A,2,4KQP_A,154.0,298.0,300.0
68,4LJ6A,339,XRAY,1.9,0.22,0.26,4LJ6,A,2,4LJ6_A,47.0,145.0,350.0
69,4MF5A,256,XRAY,1.11,0.11,0.13,4MF5,A,2,4MF5_A,149.0,1044.0,418.0
70,4NTCA,335,XRAY,1.9,0.19,0.22,4NTC,A,2,4NTC_A,28.0,258.0,385.0
71,4PQHA,236,XRAY,1.4,0.15,0.19,4PQH,A,2,4PQH_A,52.0,283.0,425.0
72,4R6HA,428,XRAY,1.5,0.17,0.2,4R6H,A,2,4R6H_A,68.0,462.0,1012.0
73,4RD4A,415,XRAY,1.3,0.17,0.2,4RD4,A,3,4RD4_A,129.0,278.0,925.0
74,4RY1A,411,XRAY,1.4,0.14,0.18,4RY1,A,2,4RY1_A,40.0,386.0,412.0
75,4TMXA,345,XRAY,1.5,0.16,0.18,4TMX,A,2,4TMX_A,122.0,259.0,561.0
76,4U19A,276,XRAY,1.88,0.19,0.23,4U19,A,2,4U19_A,200.0,228.0,1127.0
77,4WLHA,422,XRAY,1.28,0.17,0.19,4WLH,A,2,4WLH_A,101.0,340.0,585.0
78,4WPGA,289,XRAY,1.1,0.13,0.15,4WPG,A,2,4WPG_A,25.0,191.0,458.0
79,4XH2G,228,XRAY,2.0,0.23,0.26,4XH2,G,2,4XH2_G,6357.0,7380.0,7538.0
80,4YI8A,201,XRAY,1.2,0.12,0.14,4YI8,A,2,4YI8_A,185.0,474.0,538.0
81,4YKIA,256,XRAY,1.21,0.14,0.16,4YKI,A,2,4YKI_A,192.0,286.0,292.0
82,4YUCA,335,XRAY,1.31,0.17,0.19,4YUC,A,2,4YUC_A,67.0,186.0,254.0
83,5DP2A,342,XRAY,0.96,0.12,0.13,5DP2,A,2,5DP2_A,102.0,240.0,251.0
84,5DVIA,419,XRAY,1.25,0.12,0.15,5DVI,A,2,5DVI_A,38.0,381.0,429.0
85,5FS8A,515,XRAY,1.4,0.17,0.19,5FS8,A,3,5FS8_A,66.0,245.0,349.0
86,5GXEA,331,XRAY,1.696,0.17,0.2,5GXE,A,2,5GXE_A,49.0,239.0,255.0
87,5ICQA,610,XRAY,1.9,0.16,0.2,5ICQ,A,2,5ICQ_A,50.0,147.0,1022.0
88,5IPYA,453,XRAY,1.5,0.15,0.17,5IPY,A,2,5IPY_A,39.0,68.0,258.0
89,5JRYA,485,XRAY,1.2,0.11,0.13,5JRY,A,2,5JRY_A,211.0,229.0,229.0
90,5K7FA,231,XRAY,1.7,0.21,0.24,5K7F,A,2,5K7F_A,75.0,276.0,284.0
91,5U3AA,496,XRAY,0.95,0.11,0.12,5U3A,A,2,5U3A_A,89.0,295.0,343.0
92,5V8SA,410,XRAY,1.41,0.15,0.18,5V8S,A,2,5V8S_A,14.0,46.0,223.0
93,5WJPA,249,XRAY,1.57,0.18,0.21,5WJP,A,2,5WJP_A,64.0,293.0,293.0
94,5Y9ZA,199,XRAY,1.09,0.16,0.18,5Y9Z,A,2,5Y9Z_A,149.0,285.0,408.0
95,6D0AA,431,XRAY,1.4680000000000002,0.17,0.19,6D0A,A,2,6D0A_A,74.0,261.0,489.0
96,6FMEB,506,XRAY,1.51,0.17,0.19,6FME,B,3,6FME_B,33.0,204.0,326.0
97,6G7NA,318,XRAY,1.1,0.14,0.15,6G7N,A,2,6G7N_A,25.0,300.0,413.0
98,6HOAA,228,XRAY,1.5,0.19,0.21,6HOA,A,2,6HOA_A,31.0,254.0,285.0
99,6RI6A,498,XRAY,0.93,0.11,0.12,6RI6,A,3,6RI6_A,96.0,222.0,241.0
